Record Length,2.500000e+03,,  -0.000000025000,   0.13600,
Sample Interval,2.000000e-11,,  -0.000000024980,   0.13600,
Trigger Point,1.250000000000e+03,,  -0.000000024960,   0.13600,
,,,  -0.000000024940,   0.13600,
,,,  -0.000000024920,   0.12800,
,,,  -0.000000024900,   0.12800,
Source,CH1,,  -0.000000024880,   0.12800,
Vertical Units,V,,  -0.000000024860,   0.12000,
Vertical Scale,2.000000e-01,,  -0.000000024840,   0.12000,
Vertical Offset,0.000000e+00,,  -0.000000024820,   0.12000,
Horizontal Units,s,,  -0.000000024800,   0.12000,
Horizontal Scale,5.000000e-09,,  -0.000000024780,   0.11200,
Pt Fmt,Y,,  -0.000000024760,   0.11200,
Yzero,0.000000e+00,,  -0.000000024740,   0.11200,
Probe Atten,1.000000e+00,,  -0.000000024720,   0.10400,
Model Number,TBS1154,,  -0.000000024700,   0.10400,
Serial Number,C020573,,  -0.000000024680,   0.10400,
Firmware Version,FV:v26.05,,  -0.000000024660,   0.09600,
,,,-00.000000024640,   0.09600,
,,,-00.000000024620,   0.09600,
,,,-00.000000024600,   0.08800,
,,,-00.000000024580,   0.08800,
,,,-00.000000024560,   0.08800,
,,,-00.000000024540,   0.08000,
,,,-00.000000024520,   0.08000,
,,,-00.000000024500,   0.08000,
,,,-00.000000024480,   0.07200,
,,,-00.000000024460,   0.07200,
,,,-00.000000024440,   0.06400,
,,,-00.000000024420,   0.06400,
,,,-00.000000024400,   0.06400,
,,,-00.000000024380,   0.05600,
,,,-00.000000024360,   0.05600,
,,,-00.000000024340,   0.05600,
,,,-00.000000024320,   0.04800,
,,,-00.000000024300,   0.04800,
,,,-00.000000024280,   0.04000,
,,,-00.000000024260,   0.04000,
,,,-00.000000024240,   0.04000,
,,,-00.000000024220,   0.03200,
,,,-00.000000024200,   0.03200,
,,,-00.000000024180,   0.02400,
,,,-00.000000024160,   0.02400,
,,,-00.000000024140,   0.02400,
,,,-00.000000024120,   0.01600,
,,,-00.000000024100,   0.01600,
,,,-00.000000024080,   0.00800,
,,,-00.000000024060,   0.00800,
,,,-00.000000024040,   0.00800,
,,,-00.000000024020,   0.00000,
,,,-00.000000024000,   0.00000,
,,,-00.000000023980,  -0.00800,
,,,-00.000000023960,  -0.00800,
,,,-00.000000023940,  -0.00800,
,,,-00.000000023920,  -0.01600,
,,,-00.000000023900,  -0.01600,
,,,-00.000000023880,  -0.02400,
,,,-00.000000023860,  -0.02400,
,,,-00.000000023840,  -0.02400,
,,,-00.000000023820,  -0.03200,
,,,-00.000000023800,  -0.03200,
,,,-00.000000023780,  -0.04000,
,,,-00.000000023760,  -0.04000,
,,,-00.000000023740,  -0.04000,
,,,-00.000000023720,  -0.04800,
,,,-00.000000023700,  -0.04800,
,,,-00.000000023680,  -0.05600,
,,,-00.000000023660,  -0.05600,
,,,-00.000000023640,  -0.05600,
,,,-00.000000023620,  -0.06400,
,,,-00.000000023600,  -0.06400,
,,,-00.000000023580,  -0.06400,
,,,-00.000000023560,  -0.07200,
,,,-00.000000023540,  -0.07200,
,,,-00.000000023520,  -0.08000,
,,,-00.000000023500,  -0.08000,
,,,-00.000000023480,  -0.08000,
,,,-00.000000023460,  -0.08800,
,,,-00.000000023440,  -0.08800,
,,,-00.000000023420,  -0.08800,
,,,-00.000000023400,  -0.09600,
,,,-00.000000023380,  -0.09600,
,,,-00.000000023360,  -0.09600,
,,,-00.000000023340,  -0.10400,
,,,-00.000000023320,  -0.10400,
,,,-00.000000023300,  -0.10400,
,,,-00.000000023280,  -0.11200,
,,,-00.000000023260,  -0.11200,
,,,-00.000000023240,  -0.11200,
,,,-00.000000023220,  -0.12000,
,,,-00.000000023200,  -0.12000,
,,,-00.000000023180,  -0.12000,
,,,-00.000000023160,  -0.12800,
,,,-00.000000023140,  -0.12800,
,,,-00.000000023120,  -0.12800,
,,,-00.000000023100,  -0.12800,
,,,-00.000000023080,  -0.13600,
,,,-00.000000023060,  -0.13600,
,,,-00.000000023040,  -0.13600,
,,,-00.000000023020,  -0.13600,
,,,-00.000000023000,  -0.14400,
,,,-00.000000022980,  -0.14400,
,,,-00.000000022960,  -0.14400,
,,,-00.000000022940,  -0.14400,
,,,-00.000000022920,  -0.15200,
,,,-00.000000022900,  -0.15200,
,,,-00.000000022880,  -0.15200,
,,,-00.000000022860,  -0.15200,
,,,-00.000000022840,  -0.15200,
,,,-00.000000022820,  -0.16000,
,,,-00.000000022800,  -0.16000,
,,,-00.000000022780,  -0.16000,
,,,-00.000000022760,  -0.16000,
,,,-00.000000022740,  -0.16000,
,,,-00.000000022720,  -0.16000,
,,,-00.000000022700,  -0.16000,
,,,-00.000000022680,  -0.16800,
,,,-00.000000022660,  -0.16800,
,,,-00.000000022640,  -0.16800,
,,,-00.000000022620,  -0.16800,
,,,-00.000000022600,  -0.16800,
,,,-00.000000022580,  -0.16800,
,,,-00.000000022560,  -0.16800,
,,,-00.000000022540,  -0.16800,
,,,-00.000000022520,  -0.16800,
,,,-00.000000022500,  -0.16800,
,,,-00.000000022480,  -0.17600,
,,,-00.000000022460,  -0.17600,
,,,-00.000000022440,  -0.17600,
,,,-00.000000022420,  -0.17600,
,,,-00.000000022400,  -0.17600,
,,,-00.000000022380,  -0.17600,
,,,-00.000000022360,  -0.17600,
,,,-00.000000022340,  -0.17600,
,,,-00.000000022320,  -0.17600,
,,,-00.000000022300,  -0.17600,
,,,-00.000000022280,  -0.17600,
,,,-00.000000022260,  -0.17600,
,,,-00.000000022240,  -0.17600,
,,,-00.000000022220,  -0.17600,
,,,-00.000000022200,  -0.17600,
,,,-00.000000022180,  -0.17600,
,,,-00.000000022160,  -0.17600,
,,,-00.000000022140,  -0.16800,
,,,-00.000000022120,  -0.16800,
,,,-00.000000022100,  -0.16800,
,,,-00.000000022080,  -0.16800,
,,,-00.000000022060,  -0.16800,
,,,-00.000000022040,  -0.16800,
,,,-00.000000022020,  -0.16800,
,,,-00.000000022000,  -0.16800,
,,,-00.000000021980,  -0.16800,
,,,-00.000000021960,  -0.16800,
,,,-00.000000021940,  -0.16000,
,,,-00.000000021920,  -0.16000,
,,,-00.000000021900,  -0.16000,
,,,-00.000000021880,  -0.16000,
,,,-00.000000021860,  -0.16000,
,,,-00.000000021840,  -0.15200,
,,,-00.000000021820,  -0.15200,
,,,-00.000000021800,  -0.15200,
,,,-00.000000021780,  -0.15200,
,,,-00.000000021760,  -0.14400,
,,,-00.000000021740,  -0.14400,
,,,-00.000000021720,  -0.14400,
,,,-00.000000021700,  -0.14400,
,,,-00.000000021680,  -0.13600,
,,,-00.000000021660,  -0.13600,
,,,-00.000000021640,  -0.13600,
,,,-00.000000021620,  -0.13600,
,,,-00.000000021600,  -0.12800,
,,,-00.000000021580,  -0.12800,
,,,-00.000000021560,  -0.12800,
,,,-00.000000021540,  -0.12000,
,,,-00.000000021520,  -0.12000,
,,,-00.000000021500,  -0.12000,
,,,-00.000000021480,  -0.12000,
,,,-00.000000021460,  -0.11200,
,,,-00.000000021440,  -0.11200,
,,,-00.000000021420,  -0.10400,
,,,-00.000000021400,  -0.10400,
,,,-00.000000021380,  -0.10400,
,,,-00.000000021360,  -0.09600,
,,,-00.000000021340,  -0.09600,
,,,-00.000000021320,  -0.09600,
,,,-00.000000021300,  -0.08800,
,,,-00.000000021280,  -0.08800,
,,,-00.000000021260,  -0.08800,
,,,-00.000000021240,  -0.08000,
,,,-00.000000021220,  -0.08000,
,,,-00.000000021200,  -0.08000,
,,,-00.000000021180,  -0.07200,
,,,-00.000000021160,  -0.07200,
,,,-00.000000021140,  -0.06400,
,,,-00.000000021120,  -0.06400,
,,,-00.000000021100,  -0.06400,
,,,-00.000000021080,  -0.05600,
,,,-00.000000021060,  -0.05600,
,,,-00.000000021040,  -0.04800,
,,,-00.000000021020,  -0.04800,
,,,-00.000000021000,  -0.04800,
,,,-00.000000020980,  -0.04000,
,,,-00.000000020960,  -0.04000,
,,,-00.000000020940,  -0.03200,
,,,-00.000000020920,  -0.03200,
,,,-00.000000020900,  -0.03200,
,,,-00.000000020880,  -0.02400,
,,,-00.000000020860,  -0.02400,
,,,-00.000000020840,  -0.01600,
,,,-00.000000020820,  -0.01600,
,,,-00.000000020800,  -0.01600,
,,,-00.000000020780,  -0.00800,
,,,-00.000000020760,  -0.00800,
,,,-00.000000020740,   0.00000,
,,,-00.000000020720,   0.00000,
,,,-00.000000020700,   0.00000,
,,,-00.000000020680,   0.00800,
,,,-00.000000020660,   0.00800,
,,,-00.000000020640,   0.01600,
,,,-00.000000020620,   0.01600,
,,,-00.000000020600,   0.02400,
,,,-00.000000020580,   0.02400,
,,,-00.000000020560,   0.02400,
,,,-00.000000020540,   0.03200,
,,,-00.000000020520,   0.03200,
,,,-00.000000020500,   0.03200,
,,,-00.000000020480,   0.04000,
,,,-00.000000020460,   0.04000,
,,,-00.000000020440,   0.04800,
,,,-00.000000020420,   0.04800,
,,,-00.000000020400,   0.04800,
,,,-00.000000020380,   0.05600,
,,,-00.000000020360,   0.05600,
,,,-00.000000020340,   0.06400,
,,,-00.000000020320,   0.06400,
,,,-00.000000020300,   0.06400,
,,,-00.000000020280,   0.07200,
,,,-00.000000020260,   0.07200,
,,,-00.000000020240,   0.08000,
,,,-00.000000020220,   0.08000,
,,,-00.000000020200,   0.08000,
,,,-00.000000020180,   0.08800,
,,,-00.000000020160,   0.08800,
,,,-00.000000020140,   0.08800,
,,,-00.000000020120,   0.09600,
,,,-00.000000020100,   0.09600,
,,,-00.000000020080,   0.09600,
,,,-00.000000020060,   0.10400,
,,,-00.000000020040,   0.10400,
,,,-00.000000020020,   0.10400,
,,,-00.000000020000,   0.11200,
,,,-00.000000019980,   0.11200,
,,,-00.000000019960,   0.11200,
,,,-00.000000019940,   0.12000,
,,,-00.000000019920,   0.12000,
,,,-00.000000019900,   0.12000,
,,,-00.000000019880,   0.12800,
,,,-00.000000019860,   0.12800,
,,,-00.000000019840,   0.12800,
,,,-00.000000019820,   0.12800,
,,,-00.000000019800,   0.13600,
,,,-00.000000019780,   0.13600,
,,,-00.000000019760,   0.13600,
,,,-00.000000019740,   0.14400,
,,,-00.000000019720,   0.14400,
,,,-00.000000019700,   0.14400,
,,,-00.000000019680,   0.14400,
,,,-00.000000019660,   0.14400,
,,,-00.000000019640,   0.15200,
,,,-00.000000019620,   0.15200,
,,,-00.000000019600,   0.15200,
,,,-00.000000019580,   0.15200,
,,,-00.000000019560,   0.16000,
,,,-00.000000019540,   0.16000,
,,,-00.000000019520,   0.16000,
,,,-00.000000019500,   0.16000,
,,,-00.000000019480,   0.16000,
,,,-00.000000019460,   0.16800,
,,,-00.000000019440,   0.16800,
,,,-00.000000019420,   0.16800,
,,,-00.000000019400,   0.16800,
,,,-00.000000019380,   0.16800,
,,,-00.000000019360,   0.16800,
,,,-00.000000019340,   0.16800,
,,,-00.000000019320,   0.17600,
,,,-00.000000019300,   0.17600,
,,,-00.000000019280,   0.17600,
,,,-00.000000019260,   0.17600,
,,,-00.000000019240,   0.17600,
,,,-00.000000019220,   0.17600,
,,,-00.000000019200,   0.17600,
,,,-00.000000019180,   0.17600,
,,,-00.000000019160,   0.17600,
,,,-00.000000019140,   0.17600,
,,,-00.000000019120,   0.17600,
,,,-00.000000019100,   0.18400,
,,,-00.000000019080,   0.18400,
,,,-00.000000019060,   0.18400,
,,,-00.000000019040,   0.18400,
,,,-00.000000019020,   0.18400,
,,,-00.000000019000,   0.18400,
,,,-00.000000018980,   0.18400,
,,,-00.000000018960,   0.18400,
,,,-00.000000018940,   0.18400,
,,,-00.000000018920,   0.18400,
,,,-00.000000018900,   0.17600,
,,,-00.000000018880,   0.17600,
,,,-00.000000018860,   0.17600,
,,,-00.000000018840,   0.17600,
,,,-00.000000018820,   0.17600,
,,,-00.000000018800,   0.17600,
,,,-00.000000018780,   0.17600,
,,,-00.000000018760,   0.17600,
,,,-00.000000018740,   0.17600,
,,,-00.000000018720,   0.17600,
,,,-00.000000018700,   0.17600,
,,,-00.000000018680,   0.16800,
,,,-00.000000018660,   0.16800,
,,,-00.000000018640,   0.16800,
,,,-00.000000018620,   0.16800,
,,,-00.000000018600,   0.16800,
,,,-00.000000018580,   0.16000,
,,,-00.000000018560,   0.16000,
,,,-00.000000018540,   0.16000,
,,,-00.000000018520,   0.16000,
,,,-00.000000018500,   0.16000,
,,,-00.000000018480,   0.16000,
,,,-00.000000018460,   0.15200,
,,,-00.000000018440,   0.15200,
,,,-00.000000018420,   0.15200,
,,,-00.000000018400,   0.15200,
,,,-00.000000018380,   0.14400,
,,,-00.000000018360,   0.14400,
,,,-00.000000018340,   0.14400,
,,,-00.000000018320,   0.14400,
,,,-00.000000018300,   0.13600,
,,,-00.000000018280,   0.13600,
,,,-00.000000018260,   0.13600,
,,,-00.000000018240,   0.12800,
,,,-00.000000018220,   0.12800,
,,,-00.000000018200,   0.12800,
,,,-00.000000018180,   0.12800,
,,,-00.000000018160,   0.12000,
,,,-00.000000018140,   0.12000,
,,,-00.000000018120,   0.12000,
,,,-00.000000018100,   0.11200,
,,,-00.000000018080,   0.11200,
,,,-00.000000018060,   0.11200,
,,,-00.000000018040,   0.10400,
,,,-00.000000018020,   0.10400,
,,,-00.000000018000,   0.10400,
,,,-00.000000017980,   0.09600,
,,,-00.000000017960,   0.09600,
,,,-00.000000017940,   0.09600,
,,,-00.000000017920,   0.08800,
,,,-00.000000017900,   0.08800,
,,,-00.000000017880,   0.08800,
,,,-00.000000017860,   0.08000,
,,,-00.000000017840,   0.08000,
,,,-00.000000017820,   0.07200,
,,,-00.000000017800,   0.07200,
,,,-00.000000017780,   0.07200,
,,,-00.000000017760,   0.06400,
,,,-00.000000017740,   0.06400,
,,,-00.000000017720,   0.06400,
,,,-00.000000017700,   0.05600,
,,,-00.000000017680,   0.05600,
,,,-00.000000017660,   0.04800,
,,,-00.000000017640,   0.04800,
,,,-00.000000017620,   0.04800,
,,,-00.000000017600,   0.04000,
,,,-00.000000017580,   0.04000,
,,,-00.000000017560,   0.03200,
,,,-00.000000017540,   0.03200,
,,,-00.000000017520,   0.03200,
,,,-00.000000017500,   0.02400,
,,,-00.000000017480,   0.02400,
,,,-00.000000017460,   0.01600,
,,,-00.000000017440,   0.01600,
,,,-00.000000017420,   0.00800,
,,,-00.000000017400,   0.00800,
,,,-00.000000017380,   0.00800,
,,,-00.000000017360,   0.00000,
,,,-00.000000017340,   0.00000,
,,,-00.000000017320,  -0.00800,
,,,-00.000000017300,  -0.00800,
,,,-00.000000017280,  -0.00800,
,,,-00.000000017260,  -0.01600,
,,,-00.000000017240,  -0.01600,
,,,-00.000000017220,  -0.02400,
,,,-00.000000017200,  -0.02400,
,,,-00.000000017180,  -0.03200,
,,,-00.000000017160,  -0.03200,
,,,-00.000000017140,  -0.03200,
,,,-00.000000017120,  -0.04000,
,,,-00.000000017100,  -0.04000,
,,,-00.000000017080,  -0.04800,
,,,-00.000000017060,  -0.04800,
,,,-00.000000017040,  -0.04800,
,,,-00.000000017020,  -0.05600,
,,,-00.000000017000,  -0.05600,
,,,-00.000000016980,  -0.06400,
,,,-00.000000016960,  -0.06400,
,,,-00.000000016940,  -0.06400,
,,,-00.000000016920,  -0.07200,
,,,-00.000000016900,  -0.07200,
,,,-00.000000016880,  -0.08000,
,,,-00.000000016860,  -0.08000,
,,,-00.000000016840,  -0.08000,
,,,-00.000000016820,  -0.08800,
,,,-00.000000016800,  -0.08800,
,,,-00.000000016780,  -0.09600,
,,,-00.000000016760,  -0.09600,
,,,-00.000000016740,  -0.09600,
,,,-00.000000016720,  -0.10400,
,,,-00.000000016700,  -0.10400,
,,,-00.000000016680,  -0.10400,
,,,-00.000000016660,  -0.11200,
,,,-00.000000016640,  -0.11200,
,,,-00.000000016620,  -0.12000,
,,,-00.000000016600,  -0.12000,
,,,-00.000000016580,  -0.12000,
,,,-00.000000016560,  -0.12800,
,,,-00.000000016540,  -0.12800,
,,,-00.000000016520,  -0.12800,
,,,-00.000000016500,  -0.13600,
,,,-00.000000016480,  -0.13600,
,,,-00.000000016460,  -0.13600,
,,,-00.000000016440,  -0.14400,
,,,-00.000000016420,  -0.14400,
,,,-00.000000016400,  -0.14400,
,,,-00.000000016380,  -0.15200,
,,,-00.000000016360,  -0.15200,
,,,-00.000000016340,  -0.15200,
,,,-00.000000016320,  -0.15200,
,,,-00.000000016300,  -0.16000,
,,,-00.000000016280,  -0.16000,
,,,-00.000000016260,  -0.16000,
,,,-00.000000016240,  -0.16800,
,,,-00.000000016220,  -0.16800,
,,,-00.000000016200,  -0.16800,
,,,-00.000000016180,  -0.16800,
,,,-00.000000016160,  -0.16800,
,,,-00.000000016140,  -0.17600,
,,,-00.000000016120,  -0.17600,
,,,-00.000000016100,  -0.17600,
,,,-00.000000016080,  -0.17600,
,,,-00.000000016060,  -0.17600,
,,,-00.000000016040,  -0.18400,
,,,-00.000000016020,  -0.18400,
,,,-00.000000016000,  -0.18400,
,,,-00.000000015980,  -0.18400,
,,,-00.000000015960,  -0.18400,
,,,-00.000000015940,  -0.18400,
,,,-00.000000015920,  -0.18400,
,,,-00.000000015900,  -0.19200,
,,,-00.000000015880,  -0.19200,
,,,-00.000000015860,  -0.19200,
,,,-00.000000015840,  -0.19200,
,,,-00.000000015820,  -0.19200,
,,,-00.000000015800,  -0.19200,
,,,-00.000000015780,  -0.19200,
,,,-00.000000015760,  -0.19200,
,,,-00.000000015740,  -0.19200,
,,,-00.000000015720,  -0.19200,
,,,-00.000000015700,  -0.19200,
,,,-00.000000015680,  -0.19200,
,,,-00.000000015660,  -0.19200,
,,,-00.000000015640,  -0.19200,
,,,-00.000000015620,  -0.19200,
,,,-00.000000015600,  -0.19200,
,,,-00.000000015580,  -0.19200,
,,,-00.000000015560,  -0.19200,
,,,-00.000000015540,  -0.19200,
,,,-00.000000015520,  -0.19200,
,,,-00.000000015500,  -0.19200,
,,,-00.000000015480,  -0.18400,
,,,-00.000000015460,  -0.18400,
,,,-00.000000015440,  -0.18400,
,,,-00.000000015420,  -0.18400,
,,,-00.000000015400,  -0.18400,
,,,-00.000000015380,  -0.18400,
,,,-00.000000015360,  -0.18400,
,,,-00.000000015340,  -0.18400,
,,,-00.000000015320,  -0.17600,
,,,-00.000000015300,  -0.17600,
,,,-00.000000015280,  -0.17600,
,,,-00.000000015260,  -0.17600,
,,,-00.000000015240,  -0.17600,
,,,-00.000000015220,  -0.17600,
,,,-00.000000015200,  -0.16800,
,,,-00.000000015180,  -0.16800,
,,,-00.000000015160,  -0.16800,
,,,-00.000000015140,  -0.16800,
,,,-00.000000015120,  -0.16800,
,,,-00.000000015100,  -0.16000,
,,,-00.000000015080,  -0.16000,
,,,-00.000000015060,  -0.16000,
,,,-00.000000015040,  -0.16000,
,,,-00.000000015020,  -0.15200,
,,,-00.000000015000,  -0.15200,
,,,-00.000000014980,  -0.15200,
,,,-00.000000014960,  -0.15200,
,,,-00.000000014940,  -0.14400,
,,,-00.000000014920,  -0.14400,
,,,-00.000000014900,  -0.14400,
,,,-00.000000014880,  -0.13600,
,,,-00.000000014860,  -0.13600,
,,,-00.000000014840,  -0.13600,
,,,-00.000000014820,  -0.13600,
,,,-00.000000014800,  -0.12800,
,,,-00.000000014780,  -0.12800,
,,,-00.000000014760,  -0.12000,
,,,-00.000000014740,  -0.12000,
,,,-00.000000014720,  -0.12000,
,,,-00.000000014700,  -0.11200,
,,,-00.000000014680,  -0.11200,
,,,-00.000000014660,  -0.11200,
,,,-00.000000014640,  -0.10400,
,,,-00.000000014620,  -0.10400,
,,,-00.000000014600,  -0.10400,
,,,-00.000000014580,  -0.09600,
,,,-00.000000014560,  -0.09600,
,,,-00.000000014540,  -0.08800,
,,,-00.000000014520,  -0.08800,
,,,-00.000000014500,  -0.08800,
,,,-00.000000014480,  -0.08000,
,,,-00.000000014460,  -0.08000,
,,,-00.000000014440,  -0.07200,
,,,-00.000000014420,  -0.07200,
,,,-00.000000014400,  -0.07200,
,,,-00.000000014380,  -0.06400,
,,,-00.000000014360,  -0.06400,
,,,-00.000000014340,  -0.05600,
,,,-00.000000014320,  -0.05600,
,,,-00.000000014300,  -0.04800,
,,,-00.000000014280,  -0.04800,
,,,-00.000000014260,  -0.04800,
,,,-00.000000014240,  -0.04000,
,,,-00.000000014220,  -0.04000,
,,,-00.000000014200,  -0.03200,
,,,-00.000000014180,  -0.03200,
,,,-00.000000014160,  -0.02400,
,,,-00.000000014140,  -0.02400,
,,,-00.000000014120,  -0.01600,
,,,-00.000000014100,  -0.01600,
,,,-00.000000014080,  -0.00800,
,,,-00.000000014060,  -0.00800,
,,,-00.000000014040,  -0.00800,
,,,-00.000000014020,   0.00000,
,,,-00.000000014000,   0.00000,
,,,-00.000000013980,   0.00800,
,,,-00.000000013960,   0.00800,
,,,-00.000000013940,   0.01600,
,,,-00.000000013920,   0.01600,
,,,-00.000000013900,   0.02400,
,,,-00.000000013880,   0.02400,
,,,-00.000000013860,   0.02400,
,,,-00.000000013840,   0.03200,
,,,-00.000000013820,   0.03200,
,,,-00.000000013800,   0.04000,
,,,-00.000000013780,   0.04000,
,,,-00.000000013760,   0.04800,
,,,-00.000000013740,   0.04800,
,,,-00.000000013720,   0.05600,
,,,-00.000000013700,   0.05600,
,,,-00.000000013680,   0.05600,
,,,-00.000000013660,   0.06400,
,,,-00.000000013640,   0.06400,
,,,-00.000000013620,   0.07200,
,,,-00.000000013600,   0.07200,
,,,-00.000000013580,   0.08000,
,,,-00.000000013560,   0.08000,
,,,-00.000000013540,   0.08800,
,,,-00.000000013520,   0.08800,
,,,-00.000000013500,   0.08800,
,,,-00.000000013480,   0.09600,
,,,-00.000000013460,   0.09600,
,,,-00.000000013440,   0.10400,
,,,-00.000000013420,   0.10400,
,,,-00.000000013400,   0.10400,
,,,-00.000000013380,   0.11200,
,,,-00.000000013360,   0.11200,
,,,-00.000000013340,   0.12000,
,,,-00.000000013320,   0.12000,
,,,-00.000000013300,   0.12000,
,,,-00.000000013280,   0.12000,
,,,-00.000000013260,   0.12800,
,,,-00.000000013240,   0.12800,
,,,-00.000000013220,   0.13600,
,,,-00.000000013200,   0.13600,
,,,-00.000000013180,   0.13600,
,,,-00.000000013160,   0.14400,
,,,-00.000000013140,   0.14400,
,,,-00.000000013120,   0.14400,
,,,-00.000000013100,   0.15200,
,,,-00.000000013080,   0.15200,
,,,-00.000000013060,   0.15200,
,,,-00.000000013040,   0.15200,
,,,-00.000000013020,   0.16000,
,,,-00.000000013000,   0.16000,
,,,-00.000000012980,   0.16000,
,,,-00.000000012960,   0.16000,
,,,-00.000000012940,   0.16800,
,,,-00.000000012920,   0.16800,
,,,-00.000000012900,   0.16800,
,,,-00.000000012880,   0.16800,
,,,-00.000000012860,   0.16800,
,,,-00.000000012840,   0.17600,
,,,-00.000000012820,   0.17600,
,,,-00.000000012800,   0.17600,
,,,-00.000000012780,   0.17600,
,,,-00.000000012760,   0.17600,
,,,-00.000000012740,   0.17600,
,,,-00.000000012720,   0.17600,
,,,-00.000000012700,   0.17600,
,,,-00.000000012680,   0.18400,
,,,-00.000000012660,   0.18400,
,,,-00.000000012640,   0.18400,
,,,-00.000000012620,   0.18400,
,,,-00.000000012600,   0.18400,
,,,-00.000000012580,   0.18400,
,,,-00.000000012560,   0.18400,
,,,-00.000000012540,   0.18400,
,,,-00.000000012520,   0.18400,
,,,-00.000000012500,   0.18400,
,,,-00.000000012480,   0.18400,
,,,-00.000000012460,   0.18400,
,,,-00.000000012440,   0.18400,
,,,-00.000000012420,   0.18400,
,,,-00.000000012400,   0.18400,
,,,-00.000000012380,   0.18400,
,,,-00.000000012360,   0.18400,
,,,-00.000000012340,   0.18400,
,,,-00.000000012320,   0.18400,
,,,-00.000000012300,   0.18400,
,,,-00.000000012280,   0.18400,
,,,-00.000000012260,   0.18400,
,,,-00.000000012240,   0.18400,
,,,-00.000000012220,   0.18400,
,,,-00.000000012200,   0.18400,
,,,-00.000000012180,   0.17600,
,,,-00.000000012160,   0.17600,
,,,-00.000000012140,   0.17600,
,,,-00.000000012120,   0.17600,
,,,-00.000000012100,   0.17600,
,,,-00.000000012080,   0.17600,
,,,-00.000000012060,   0.17600,
,,,-00.000000012040,   0.17600,
,,,-00.000000012020,   0.16800,
,,,-00.000000012000,   0.16800,
,,,-00.000000011980,   0.16800,
,,,-00.000000011960,   0.16800,
,,,-00.000000011940,   0.16800,
,,,-00.000000011920,   0.16000,
,,,-00.000000011900,   0.16000,
,,,-00.000000011880,   0.16000,
,,,-00.000000011860,   0.16000,
,,,-00.000000011840,   0.16000,
,,,-00.000000011820,   0.15200,
,,,-00.000000011800,   0.15200,
,,,-00.000000011780,   0.15200,
,,,-00.000000011760,   0.14400,
,,,-00.000000011740,   0.14400,
,,,-00.000000011720,   0.14400,
,,,-00.000000011700,   0.14400,
,,,-00.000000011680,   0.13600,
,,,-00.000000011660,   0.13600,
,,,-00.000000011640,   0.13600,
,,,-00.000000011620,   0.13600,
,,,-00.000000011600,   0.12800,
,,,-00.000000011580,   0.12800,
,,,-00.000000011560,   0.12800,
,,,-00.000000011540,   0.12000,
,,,-00.000000011520,   0.12000,
,,,-00.000000011500,   0.12000,
,,,-00.000000011480,   0.11200,
,,,-00.000000011460,   0.11200,
,,,-00.000000011440,   0.10400,
,,,-00.000000011420,   0.10400,
,,,-00.000000011400,   0.10400,
,,,-00.000000011380,   0.09600,
,,,-00.000000011360,   0.09600,
,,,-00.000000011340,   0.09600,
,,,-00.000000011320,   0.08800,
,,,-00.000000011300,   0.08800,
,,,-00.000000011280,   0.08800,
,,,-00.000000011260,   0.08000,
,,,-00.000000011240,   0.08000,
,,,-00.000000011220,   0.07200,
,,,-00.000000011200,   0.07200,
,,,-00.000000011180,   0.07200,
,,,-00.000000011160,   0.06400,
,,,-00.000000011140,   0.06400,
,,,-00.000000011120,   0.05600,
,,,-00.000000011100,   0.05600,
,,,-00.000000011080,   0.05600,
,,,-00.000000011060,   0.04800,
,,,-00.000000011040,   0.04800,
,,,-00.000000011020,   0.04000,
,,,-00.000000011000,   0.04000,
,,,-00.000000010980,   0.03200,
,,,-00.000000010960,   0.03200,
,,,-00.000000010940,   0.03200,
,,,-00.000000010920,   0.02400,
,,,-00.000000010900,   0.02400,
,,,-00.000000010880,   0.01600,
,,,-00.000000010860,   0.01600,
,,,-00.000000010840,   0.00800,
,,,-00.000000010820,   0.00800,
,,,-00.000000010800,   0.00800,
,,,-00.000000010780,   0.00000,
,,,-00.000000010760,   0.00000,
,,,-00.000000010740,  -0.00800,
,,,-00.000000010720,  -0.00800,
,,,-00.000000010700,  -0.00800,
,,,-00.000000010680,  -0.01600,
,,,-00.000000010660,  -0.01600,
,,,-00.000000010640,  -0.02400,
,,,-00.000000010620,  -0.02400,
,,,-00.000000010600,  -0.03200,
,,,-00.000000010580,  -0.03200,
,,,-00.000000010560,  -0.04000,
,,,-00.000000010540,  -0.04000,
,,,-00.000000010520,  -0.04000,
,,,-00.000000010500,  -0.04800,
,,,-00.000000010480,  -0.04800,
,,,-00.000000010460,  -0.05600,
,,,-00.000000010440,  -0.05600,
,,,-00.000000010420,  -0.05600,
,,,-00.000000010400,  -0.06400,
,,,-00.000000010380,  -0.06400,
,,,-00.000000010360,  -0.07200,
,,,-00.000000010340,  -0.07200,
,,,-00.000000010320,  -0.08000,
,,,-00.000000010300,  -0.08000,
,,,-00.000000010280,  -0.08000,
,,,-00.000000010260,  -0.08800,
,,,-00.000000010240,  -0.08800,
,,,-00.000000010220,  -0.08800,
,,,-00.000000010200,  -0.09600,
,,,-00.000000010180,  -0.09600,
,,,-00.000000010160,  -0.10400,
,,,-00.000000010140,  -0.10400,
,,,-00.000000010120,  -0.10400,
,,,-00.000000010100,  -0.11200,
,,,-00.000000010080,  -0.11200,
,,,-00.000000010060,  -0.11200,
,,,-00.000000010040,  -0.12000,
,,,-00.000000010020,  -0.12000,
,,,-00.000000010000,  -0.12000,
,,,-00.000000009980,  -0.12800,
,,,-00.000000009960,  -0.12800,
,,,-00.000000009940,  -0.12800,
,,,-00.000000009920,  -0.13600,
,,,-00.000000009900,  -0.13600,
,,,-00.000000009880,  -0.13600,
,,,-00.000000009860,  -0.14400,
,,,-00.000000009840,  -0.14400,
,,,-00.000000009820,  -0.14400,
,,,-00.000000009800,  -0.14400,
,,,-00.000000009780,  -0.15200,
,,,-00.000000009760,  -0.15200,
,,,-00.000000009740,  -0.15200,
,,,-00.000000009720,  -0.15200,
,,,-00.000000009700,  -0.16000,
,,,-00.000000009680,  -0.16000,
,,,-00.000000009660,  -0.16000,
,,,-00.000000009640,  -0.16000,
,,,-00.000000009620,  -0.16000,
,,,-00.000000009600,  -0.16800,
,,,-00.000000009580,  -0.16800,
,,,-00.000000009560,  -0.16800,
,,,-00.000000009540,  -0.16800,
,,,-00.000000009520,  -0.16800,
,,,-00.000000009500,  -0.17600,
,,,-00.000000009480,  -0.17600,
,,,-00.000000009460,  -0.17600,
,,,-00.000000009440,  -0.17600,
,,,-00.000000009420,  -0.17600,
,,,-00.000000009400,  -0.17600,
,,,-00.000000009380,  -0.18400,
,,,-00.000000009360,  -0.18400,
,,,-00.000000009340,  -0.18400,
,,,-00.000000009320,  -0.18400,
,,,-00.000000009300,  -0.18400,
,,,-00.000000009280,  -0.18400,
,,,-00.000000009260,  -0.18400,
,,,-00.000000009240,  -0.18400,
,,,-00.000000009220,  -0.18400,
,,,-00.000000009200,  -0.18400,
,,,-00.000000009180,  -0.18400,
,,,-00.000000009160,  -0.18400,
,,,-00.000000009140,  -0.18400,
,,,-00.000000009120,  -0.18400,
,,,-00.000000009100,  -0.18400,
,,,-00.000000009080,  -0.19200,
,,,-00.000000009060,  -0.19200,
,,,-00.000000009040,  -0.19200,
,,,-00.000000009020,  -0.18400,
,,,-00.000000009000,  -0.18400,
,,,-00.000000008980,  -0.18400,
,,,-00.000000008960,  -0.18400,
,,,-00.000000008940,  -0.18400,
,,,-00.000000008920,  -0.18400,
,,,-00.000000008900,  -0.18400,
,,,-00.000000008880,  -0.18400,
,,,-00.000000008860,  -0.18400,
,,,-00.000000008840,  -0.18400,
,,,-00.000000008820,  -0.18400,
,,,-00.000000008800,  -0.18400,
,,,-00.000000008780,  -0.18400,
,,,-00.000000008760,  -0.17600,
,,,-00.000000008740,  -0.17600,
,,,-00.000000008720,  -0.17600,
,,,-00.000000008700,  -0.17600,
,,,-00.000000008680,  -0.17600,
,,,-00.000000008660,  -0.17600,
,,,-00.000000008640,  -0.17600,
,,,-00.000000008620,  -0.16800,
,,,-00.000000008600,  -0.16800,
,,,-00.000000008580,  -0.16800,
,,,-00.000000008560,  -0.16800,
,,,-00.000000008540,  -0.16000,
,,,-00.000000008520,  -0.16000,
,,,-00.000000008500,  -0.16000,
,,,-00.000000008480,  -0.16000,
,,,-00.000000008460,  -0.16000,
,,,-00.000000008440,  -0.15200,
,,,-00.000000008420,  -0.15200,
,,,-00.000000008400,  -0.15200,
,,,-00.000000008380,  -0.15200,
,,,-00.000000008360,  -0.14400,
,,,-00.000000008340,  -0.14400,
,,,-00.000000008320,  -0.14400,
,,,-00.000000008300,  -0.13600,
,,,-00.000000008280,  -0.13600,
,,,-00.000000008260,  -0.13600,
,,,-00.000000008240,  -0.13600,
,,,-00.000000008220,  -0.12800,
,,,-00.000000008200,  -0.12800,
,,,-00.000000008180,  -0.12800,
,,,-00.000000008160,  -0.12000,
,,,-00.000000008140,  -0.12000,
,,,-00.000000008120,  -0.12000,
,,,-00.000000008100,  -0.11200,
,,,-00.000000008080,  -0.11200,
,,,-00.000000008060,  -0.11200,
,,,-00.000000008040,  -0.10400,
,,,-00.000000008020,  -0.10400,
,,,-00.000000008000,  -0.10400,
,,,-00.000000007980,  -0.09600,
,,,-00.000000007960,  -0.09600,
,,,-00.000000007940,  -0.08800,
,,,-00.000000007920,  -0.08800,
,,,-00.000000007900,  -0.08800,
,,,-00.000000007880,  -0.08000,
,,,-00.000000007860,  -0.08000,
,,,-00.000000007840,  -0.07200,
,,,-00.000000007820,  -0.07200,
,,,-00.000000007800,  -0.07200,
,,,-00.000000007780,  -0.06400,
,,,-00.000000007760,  -0.06400,
,,,-00.000000007740,  -0.05600,
,,,-00.000000007720,  -0.05600,
,,,-00.000000007700,  -0.05600,
,,,-00.000000007680,  -0.04800,
,,,-00.000000007660,  -0.04800,
,,,-00.000000007640,  -0.04000,
,,,-00.000000007620,  -0.04000,
,,,-00.000000007600,  -0.03200,
,,,-00.000000007580,  -0.03200,
,,,-00.000000007560,  -0.03200,
,,,-00.000000007540,  -0.02400,
,,,-00.000000007520,  -0.02400,
,,,-00.000000007500,  -0.01600,
,,,-00.000000007480,  -0.01600,
,,,-00.000000007460,  -0.00800,
,,,-00.000000007440,  -0.00800,
,,,-00.000000007420,  -0.00800,
,,,-00.000000007400,   0.00000,
,,,-00.000000007380,   0.00000,
,,,-00.000000007360,   0.00800,
,,,-00.000000007340,   0.00800,
,,,-00.000000007320,   0.01600,
,,,-00.000000007300,   0.01600,
,,,-00.000000007280,   0.01600,
,,,-00.000000007260,   0.02400,
,,,-00.000000007240,   0.02400,
,,,-00.000000007220,   0.03200,
,,,-00.000000007200,   0.03200,
,,,-00.000000007180,   0.04000,
,,,-00.000000007160,   0.04000,
,,,-00.000000007140,   0.04000,
,,,-00.000000007120,   0.04800,
,,,-00.000000007100,   0.04800,
,,,-00.000000007080,   0.05600,
,,,-00.000000007060,   0.05600,
,,,-00.000000007040,   0.06400,
,,,-00.000000007020,   0.06400,
,,,-00.000000007000,   0.06400,
,,,-00.000000006980,   0.07200,
,,,-00.000000006960,   0.07200,
,,,-00.000000006940,   0.08000,
,,,-00.000000006920,   0.08000,
,,,-00.000000006900,   0.08000,
,,,-00.000000006880,   0.08800,
,,,-00.000000006860,   0.08800,
,,,-00.000000006840,   0.09600,
,,,-00.000000006820,   0.09600,
,,,-00.000000006800,   0.09600,
,,,-00.000000006780,   0.10400,
,,,-00.000000006760,   0.10400,
,,,-00.000000006740,   0.11200,
,,,-00.000000006720,   0.11200,
,,,-00.000000006700,   0.11200,
,,,-00.000000006680,   0.12000,
,,,-00.000000006660,   0.12000,
,,,-00.000000006640,   0.12000,
,,,-00.000000006620,   0.12800,
,,,-00.000000006600,   0.12800,
,,,-00.000000006580,   0.12800,
,,,-00.000000006560,   0.13600,
,,,-00.000000006540,   0.13600,
,,,-00.000000006520,   0.13600,
,,,-00.000000006500,   0.14400,
,,,-00.000000006480,   0.14400,
,,,-00.000000006460,   0.14400,
,,,-00.000000006440,   0.15200,
,,,-00.000000006420,   0.15200,
,,,-00.000000006400,   0.15200,
,,,-00.000000006380,   0.15200,
,,,-00.000000006360,   0.16000,
,,,-00.000000006340,   0.16000,
,,,-00.000000006320,   0.16000,
,,,-00.000000006300,   0.16000,
,,,-00.000000006280,   0.16800,
,,,-00.000000006260,   0.16800,
,,,-00.000000006240,   0.16800,
,,,-00.000000006220,   0.16800,
,,,-00.000000006200,   0.17600,
,,,-00.000000006180,   0.17600,
,,,-00.000000006160,   0.17600,
,,,-00.000000006140,   0.17600,
,,,-00.000000006120,   0.17600,
,,,-00.000000006100,   0.18400,
,,,-00.000000006080,   0.18400,
,,,-00.000000006060,   0.18400,
,,,-00.000000006040,   0.18400,
,,,-00.000000006020,   0.18400,
,,,-00.000000006000,   0.18400,
,,,-00.000000005980,   0.18400,
,,,-00.000000005960,   0.19200,
,,,-00.000000005940,   0.19200,
,,,-00.000000005920,   0.19200,
,,,-00.000000005900,   0.19200,
,,,-00.000000005880,   0.19200,
,,,-00.000000005860,   0.19200,
,,,-00.000000005840,   0.19200,
,,,-00.000000005820,   0.19200,
,,,-00.000000005800,   0.19200,
,,,-00.000000005780,   0.19200,
,,,-00.000000005760,   0.19200,
,,,-00.000000005740,   0.19200,
,,,-00.000000005720,   0.19200,
,,,-00.000000005700,   0.19200,
,,,-00.000000005680,   0.19200,
,,,-00.000000005660,   0.19200,
,,,-00.000000005640,   0.19200,
,,,-00.000000005620,   0.19200,
,,,-00.000000005600,   0.18400,
,,,-00.000000005580,   0.18400,
,,,-00.000000005560,   0.18400,
,,,-00.000000005540,   0.18400,
,,,-00.000000005520,   0.18400,
,,,-00.000000005500,   0.18400,
,,,-00.000000005480,   0.18400,
,,,-00.000000005460,   0.18400,
,,,-00.000000005440,   0.18400,
,,,-00.000000005420,   0.17600,
,,,-00.000000005400,   0.17600,
,,,-00.000000005380,   0.17600,
,,,-00.000000005360,   0.17600,
,,,-00.000000005340,   0.17600,
,,,-00.000000005320,   0.16800,
,,,-00.000000005300,   0.16800,
,,,-00.000000005280,   0.16800,
,,,-00.000000005260,   0.16800,
,,,-00.000000005240,   0.16800,
,,,-00.000000005220,   0.16000,
,,,-00.000000005200,   0.16000,
,,,-00.000000005180,   0.16000,
,,,-00.000000005160,   0.16000,
,,,-00.000000005140,   0.16000,
,,,-00.000000005120,   0.15200,
,,,-00.000000005100,   0.15200,
,,,-00.000000005080,   0.15200,
,,,-00.000000005060,   0.14400,
,,,-00.000000005040,   0.14400,
,,,-00.000000005020,   0.14400,
,,,-00.000000005000,   0.14400,
,,,-00.000000004980,   0.13600,
,,,-00.000000004960,   0.13600,
,,,-00.000000004940,   0.13600,
,,,-00.000000004920,   0.12800,
,,,-00.000000004900,   0.12800,
,,,-00.000000004880,   0.12800,
,,,-00.000000004860,   0.12000,
,,,-00.000000004840,   0.12000,
,,,-00.000000004820,   0.12000,
,,,-00.000000004800,   0.11200,
,,,-00.000000004780,   0.11200,
,,,-00.000000004760,   0.10400,
,,,-00.000000004740,   0.10400,
,,,-00.000000004720,   0.10400,
,,,-00.000000004700,   0.09600,
,,,-00.000000004680,   0.09600,
,,,-00.000000004660,   0.08800,
,,,-00.000000004640,   0.08800,
,,,-00.000000004620,   0.08800,
,,,-00.000000004600,   0.08000,
,,,-00.000000004580,   0.08000,
,,,-00.000000004560,   0.07200,
,,,-00.000000004540,   0.07200,
,,,-00.000000004520,   0.07200,
,,,-00.000000004500,   0.06400,
,,,-00.000000004480,   0.06400,
,,,-00.000000004460,   0.05600,
,,,-00.000000004440,   0.05600,
,,,-00.000000004420,   0.04800,
,,,-00.000000004400,   0.04800,
,,,-00.000000004380,   0.04000,
,,,-00.000000004360,   0.04000,
,,,-00.000000004340,   0.04000,
,,,-00.000000004320,   0.03200,
,,,-00.000000004300,   0.03200,
,,,-00.000000004280,   0.02400,
,,,-00.000000004260,   0.02400,
,,,-00.000000004240,   0.01600,
,,,-00.000000004220,   0.01600,
,,,-00.000000004200,   0.00800,
,,,-00.000000004180,   0.00800,
,,,-00.000000004160,   0.00800,
,,,-00.000000004140,   0.00000,
,,,-00.000000004120,   0.00000,
,,,-00.000000004100,  -0.00800,
,,,-00.000000004080,  -0.00800,
,,,-00.000000004060,  -0.01600,
,,,-00.000000004040,  -0.01600,
,,,-00.000000004020,  -0.02400,
,,,-00.000000004000,  -0.02400,
,,,-00.000000003980,  -0.02400,
,,,-00.000000003960,  -0.03200,
,,,-00.000000003940,  -0.03200,
,,,-00.000000003920,  -0.04000,
,,,-00.000000003900,  -0.04000,
,,,-00.000000003880,  -0.04800,
,,,-00.000000003860,  -0.04800,
,,,-00.000000003840,  -0.05600,
,,,-00.000000003820,  -0.05600,
,,,-00.000000003800,  -0.05600,
,,,-00.000000003780,  -0.06400,
,,,-00.000000003760,  -0.06400,
,,,-00.000000003740,  -0.07200,
,,,-00.000000003720,  -0.07200,
,,,-00.000000003700,  -0.07200,
,,,-00.000000003680,  -0.08000,
,,,-00.000000003660,  -0.08000,
,,,-00.000000003640,  -0.08800,
,,,-00.000000003620,  -0.08800,
,,,-00.000000003600,  -0.08800,
,,,-00.000000003580,  -0.09600,
,,,-00.000000003560,  -0.09600,
,,,-00.000000003540,  -0.10400,
,,,-00.000000003520,  -0.10400,
,,,-00.000000003500,  -0.10400,
,,,-00.000000003480,  -0.11200,
,,,-00.000000003460,  -0.11200,
,,,-00.000000003440,  -0.11200,
,,,-00.000000003420,  -0.12000,
,,,-00.000000003400,  -0.12000,
,,,-00.000000003380,  -0.12000,
,,,-00.000000003360,  -0.12800,
,,,-00.000000003340,  -0.12800,
,,,-00.000000003320,  -0.12800,
,,,-00.000000003300,  -0.13600,
,,,-00.000000003280,  -0.13600,
,,,-00.000000003260,  -0.13600,
,,,-00.000000003240,  -0.14400,
,,,-00.000000003220,  -0.14400,
,,,-00.000000003200,  -0.14400,
,,,-00.000000003180,  -0.15200,
,,,-00.000000003160,  -0.15200,
,,,-00.000000003140,  -0.15200,
,,,-00.000000003120,  -0.15200,
,,,-00.000000003100,  -0.16000,
,,,-00.000000003080,  -0.16000,
,,,-00.000000003060,  -0.16000,
,,,-00.000000003040,  -0.16000,
,,,-00.000000003020,  -0.16800,
,,,-00.000000003000,  -0.16800,
,,,-00.000000002980,  -0.16800,
,,,-00.000000002960,  -0.16800,
,,,-00.000000002940,  -0.16800,
,,,-00.000000002920,  -0.17600,
,,,-00.000000002900,  -0.17600,
,,,-00.000000002880,  -0.17600,
,,,-00.000000002860,  -0.17600,
,,,-00.000000002840,  -0.17600,
,,,-00.000000002820,  -0.17600,
,,,-00.000000002800,  -0.17600,
,,,-00.000000002780,  -0.17600,
,,,-00.000000002760,  -0.18400,
,,,-00.000000002740,  -0.18400,
,,,-00.000000002720,  -0.18400,
,,,-00.000000002700,  -0.18400,
,,,-00.000000002680,  -0.18400,
,,,-00.000000002660,  -0.18400,
,,,-00.000000002640,  -0.18400,
,,,-00.000000002620,  -0.18400,
,,,-00.000000002600,  -0.18400,
,,,-00.000000002580,  -0.18400,
,,,-00.000000002560,  -0.18400,
,,,-00.000000002540,  -0.18400,
,,,-00.000000002520,  -0.18400,
,,,-00.000000002500,  -0.18400,
,,,-00.000000002480,  -0.18400,
,,,-00.000000002460,  -0.18400,
,,,-00.000000002440,  -0.18400,
,,,-00.000000002420,  -0.18400,
,,,-00.000000002400,  -0.18400,
,,,-00.000000002380,  -0.18400,
,,,-00.000000002360,  -0.18400,
,,,-00.000000002340,  -0.18400,
,,,-00.000000002320,  -0.18400,
,,,-00.000000002300,  -0.18400,
,,,-00.000000002280,  -0.18400,
,,,-00.000000002260,  -0.18400,
,,,-00.000000002240,  -0.18400,
,,,-00.000000002220,  -0.18400,
,,,-00.000000002200,  -0.17600,
,,,-00.000000002180,  -0.17600,
,,,-00.000000002160,  -0.17600,
,,,-00.000000002140,  -0.17600,
,,,-00.000000002120,  -0.17600,
,,,-00.000000002100,  -0.17600,
,,,-00.000000002080,  -0.17600,
,,,-00.000000002060,  -0.16800,
,,,-00.000000002040,  -0.16800,
,,,-00.000000002020,  -0.16800,
,,,-00.000000002000,  -0.16800,
,,,-00.000000001980,  -0.16800,
,,,-00.000000001960,  -0.16800,
,,,-00.000000001940,  -0.16000,
,,,-00.000000001920,  -0.16000,
,,,-00.000000001900,  -0.16000,
,,,-00.000000001880,  -0.16000,
,,,-00.000000001860,  -0.15200,
,,,-00.000000001840,  -0.15200,
,,,-00.000000001820,  -0.15200,
,,,-00.000000001800,  -0.15200,
,,,-00.000000001780,  -0.14400,
,,,-00.000000001760,  -0.14400,
,,,-00.000000001740,  -0.14400,
,,,-00.000000001720,  -0.14400,
,,,-00.000000001700,  -0.13600,
,,,-00.000000001680,  -0.13600,
,,,-00.000000001660,  -0.13600,
,,,-00.000000001640,  -0.13600,
,,,-00.000000001620,  -0.12800,
,,,-00.000000001600,  -0.12800,
,,,-00.000000001580,  -0.12800,
,,,-00.000000001560,  -0.12000,
,,,-00.000000001540,  -0.12000,
,,,-00.000000001520,  -0.12000,
,,,-00.000000001500,  -0.11200,
,,,-00.000000001480,  -0.11200,
,,,-00.000000001460,  -0.11200,
,,,-00.000000001440,  -0.10400,
,,,-00.000000001420,  -0.10400,
,,,-00.000000001400,  -0.09600,
,,,-00.000000001380,  -0.09600,
,,,-00.000000001360,  -0.09600,
,,,-00.000000001340,  -0.08800,
,,,-00.000000001320,  -0.08800,
,,,-00.000000001300,  -0.08800,
,,,-00.000000001280,  -0.08000,
,,,-00.000000001260,  -0.08000,
,,,-00.000000001240,  -0.07200,
,,,-00.000000001220,  -0.07200,
,,,-00.000000001200,  -0.07200,
,,,-00.000000001180,  -0.06400,
,,,-00.000000001160,  -0.06400,
,,,-00.000000001140,  -0.06400,
,,,-00.000000001120,  -0.05600,
,,,-00.000000001100,  -0.05600,
,,,-00.000000001080,  -0.04800,
,,,-00.000000001060,  -0.04800,
,,,-00.000000001040,  -0.04000,
,,,-00.000000001020,  -0.04000,
,,,-00.000000001000,  -0.04000,
,,,-00.000000000980,  -0.03200,
,,,-00.000000000960,  -0.03200,
,,,-00.000000000940,  -0.02400,
,,,-00.000000000920,  -0.02400,
,,,-00.000000000900,  -0.02400,
,,,-00.000000000880,  -0.01600,
,,,-00.000000000860,  -0.01600,
,,,-00.000000000840,  -0.00800,
,,,-00.000000000820,  -0.00800,
,,,-00.000000000800,   0.00000,
,,,-00.000000000780,   0.00000,
,,,-00.000000000760,   0.00800,
,,,-00.000000000740,   0.00800,
,,,-00.000000000720,   0.00800,
,,,-00.000000000700,   0.01600,
,,,-00.000000000680,   0.01600,
,,,-00.000000000660,   0.02400,
,,,-00.000000000640,   0.02400,
,,,-00.000000000620,   0.03200,
,,,-00.000000000600,   0.03200,
,,,-00.000000000580,   0.04000,
,,,-00.000000000560,   0.04000,
,,,-00.000000000540,   0.04000,
,,,-00.000000000520,   0.04800,
,,,-00.000000000500,   0.04800,
,,,-00.000000000480,   0.05600,
,,,-00.000000000460,   0.05600,
,,,-00.000000000440,   0.05600,
,,,-00.000000000420,   0.06400,
,,,-00.000000000400,   0.06400,
,,,-00.000000000380,   0.07200,
,,,-00.000000000360,   0.07200,
,,,-00.000000000340,   0.08000,
,,,-00.000000000320,   0.08000,
,,,-00.000000000300,   0.08000,
,,,-00.000000000280,   0.08800,
,,,-00.000000000260,   0.08800,
,,,-00.000000000240,   0.09600,
,,,-00.000000000220,   0.09600,
,,,-00.000000000200,   0.09600,
,,,-00.000000000180,   0.10400,
,,,-00.000000000160,   0.10400,
,,,-00.000000000140,   0.10400,
,,,-00.000000000120,   0.11200,
,,,-00.000000000100,   0.11200,
,,,-00.000000000080,   0.11200,
,,,-00.000000000060,   0.12000,
,,,-00.000000000040,   0.12000,
,,,-00.000000000020,   0.12000,
,,,-00.000000000000,   0.12800,
,,,00.000000000020,   0.12800,
,,,00.000000000040,   0.12800,
,,,00.000000000060,   0.13600,
,,,00.000000000080,   0.13600,
,,,00.000000000100,   0.13600,
,,,00.000000000120,   0.13600,
,,,00.000000000140,   0.14400,
,,,00.000000000160,   0.14400,
,,,00.000000000180,   0.14400,
,,,00.000000000200,   0.14400,
,,,00.000000000220,   0.15200,
,,,00.000000000240,   0.15200,
,,,00.000000000260,   0.15200,
,,,00.000000000280,   0.15200,
,,,00.000000000300,   0.15200,
,,,00.000000000320,   0.16000,
,,,00.000000000340,   0.16000,
,,,00.000000000360,   0.16000,
,,,00.000000000380,   0.16000,
,,,00.000000000400,   0.16000,
,,,00.000000000420,   0.16000,
,,,00.000000000440,   0.16800,
,,,00.000000000460,   0.16800,
,,,00.000000000480,   0.16800,
,,,00.000000000500,   0.16800,
,,,00.000000000520,   0.16800,
,,,00.000000000540,   0.16800,
,,,00.000000000560,   0.16800,
,,,00.000000000580,   0.16800,
,,,00.000000000600,   0.16800,
,,,00.000000000620,   0.17600,
,,,00.000000000640,   0.17600,
,,,00.000000000660,   0.17600,
,,,00.000000000680,   0.17600,
,,,00.000000000700,   0.17600,
,,,00.000000000720,   0.17600,
,,,00.000000000740,   0.17600,
,,,00.000000000760,   0.17600,
,,,00.000000000780,   0.17600,
,,,00.000000000800,   0.17600,
,,,00.000000000820,   0.17600,
,,,00.000000000840,   0.17600,
,,,00.000000000860,   0.17600,
,,,00.000000000880,   0.17600,
,,,00.000000000900,   0.17600,
,,,00.000000000920,   0.17600,
,,,00.000000000940,   0.17600,
,,,00.000000000960,   0.17600,
,,,00.000000000980,   0.17600,
,,,00.000000001000,   0.17600,
,,,00.000000001020,   0.17600,
,,,00.000000001040,   0.17600,
,,,00.000000001060,   0.17600,
,,,00.000000001080,   0.17600,
,,,00.000000001100,   0.16800,
,,,00.000000001120,   0.16800,
,,,00.000000001140,   0.16800,
,,,00.000000001160,   0.16800,
,,,00.000000001180,   0.16800,
,,,00.000000001200,   0.16800,
,,,00.000000001220,   0.16800,
,,,00.000000001240,   0.16800,
,,,00.000000001260,   0.16800,
,,,00.000000001280,   0.16000,
,,,00.000000001300,   0.16000,
,,,00.000000001320,   0.16000,
,,,00.000000001340,   0.16000,
,,,00.000000001360,   0.16000,
,,,00.000000001380,   0.16000,
,,,00.000000001400,   0.15200,
,,,00.000000001420,   0.15200,
,,,00.000000001440,   0.15200,
,,,00.000000001460,   0.15200,
,,,00.000000001480,   0.15200,
,,,00.000000001500,   0.15200,
,,,00.000000001520,   0.14400,
,,,00.000000001540,   0.14400,
,,,00.000000001560,   0.14400,
,,,00.000000001580,   0.14400,
,,,00.000000001600,   0.13600,
,,,00.000000001620,   0.13600,
,,,00.000000001640,   0.13600,
,,,00.000000001660,   0.13600,
,,,00.000000001680,   0.12800,
,,,00.000000001700,   0.12800,
,,,00.000000001720,   0.12800,
,,,00.000000001740,   0.12800,
,,,00.000000001760,   0.12000,
,,,00.000000001780,   0.12000,
,,,00.000000001800,   0.12000,
,,,00.000000001820,   0.11200,
,,,00.000000001840,   0.11200,
,,,00.000000001860,   0.11200,
,,,00.000000001880,   0.11200,
,,,00.000000001900,   0.10400,
,,,00.000000001920,   0.10400,
,,,00.000000001940,   0.10400,
,,,00.000000001960,   0.09600,
,,,00.000000001980,   0.09600,
,,,00.000000002000,   0.09600,
,,,00.000000002020,   0.08800,
,,,00.000000002040,   0.08800,
,,,00.000000002060,   0.08800,
,,,00.000000002080,   0.08000,
,,,00.000000002100,   0.08000,
,,,00.000000002120,   0.07200,
,,,00.000000002140,   0.07200,
,,,00.000000002160,   0.07200,
,,,00.000000002180,   0.06400,
,,,00.000000002200,   0.06400,
,,,00.000000002220,   0.06400,
,,,00.000000002240,   0.05600,
,,,00.000000002260,   0.05600,
,,,00.000000002280,   0.04800,
,,,00.000000002300,   0.04800,
,,,00.000000002320,   0.04800,
,,,00.000000002340,   0.04000,
,,,00.000000002360,   0.04000,
,,,00.000000002380,   0.03200,
,,,00.000000002400,   0.03200,
,,,00.000000002420,   0.03200,
,,,00.000000002440,   0.02400,
,,,00.000000002460,   0.02400,
,,,00.000000002480,   0.01600,
,,,00.000000002500,   0.01600,
,,,00.000000002520,   0.01600,
,,,00.000000002540,   0.00800,
,,,00.000000002560,   0.00800,
,,,00.000000002580,   0.00000,
,,,00.000000002600,   0.00000,
,,,00.000000002620,  -0.00800,
,,,00.000000002640,  -0.00800,
,,,00.000000002660,  -0.00800,
,,,00.000000002680,  -0.01600,
,,,00.000000002700,  -0.01600,
,,,00.000000002720,  -0.02400,
,,,00.000000002740,  -0.02400,
,,,00.000000002760,  -0.02400,
,,,00.000000002780,  -0.03200,
,,,00.000000002800,  -0.03200,
,,,00.000000002820,  -0.04000,
,,,00.000000002840,  -0.04000,
,,,00.000000002860,  -0.04000,
,,,00.000000002880,  -0.04800,
,,,00.000000002900,  -0.04800,
,,,00.000000002920,  -0.05600,
,,,00.000000002940,  -0.05600,
,,,00.000000002960,  -0.05600,
,,,00.000000002980,  -0.06400,
,,,00.000000003000,  -0.06400,
,,,00.000000003020,  -0.07200,
,,,00.000000003040,  -0.07200,
,,,00.000000003060,  -0.07200,
,,,00.000000003080,  -0.08000,
,,,00.000000003100,  -0.08000,
,,,00.000000003120,  -0.08800,
,,,00.000000003140,  -0.08800,
,,,00.000000003160,  -0.08800,
,,,00.000000003180,  -0.09600,
,,,00.000000003200,  -0.09600,
,,,00.000000003220,  -0.09600,
,,,00.000000003240,  -0.10400,
,,,00.000000003260,  -0.10400,
,,,00.000000003280,  -0.10400,
,,,00.000000003300,  -0.11200,
,,,00.000000003320,  -0.11200,
,,,00.000000003340,  -0.11200,
,,,00.000000003360,  -0.12000,
,,,00.000000003380,  -0.12000,
,,,00.000000003400,  -0.12000,
,,,00.000000003420,  -0.12800,
,,,00.000000003440,  -0.12800,
,,,00.000000003460,  -0.12800,
,,,00.000000003480,  -0.12800,
,,,00.000000003500,  -0.13600,
,,,00.000000003520,  -0.13600,
,,,00.000000003540,  -0.13600,
,,,00.000000003560,  -0.14400,
,,,00.000000003580,  -0.14400,
,,,00.000000003600,  -0.14400,
,,,00.000000003620,  -0.14400,
,,,00.000000003640,  -0.15200,
,,,00.000000003660,  -0.15200,
,,,00.000000003680,  -0.15200,
,,,00.000000003700,  -0.15200,
,,,00.000000003720,  -0.16000,
,,,00.000000003740,  -0.16000,
,,,00.000000003760,  -0.16000,
,,,00.000000003780,  -0.16000,
,,,00.000000003800,  -0.16000,
,,,00.000000003820,  -0.16800,
,,,00.000000003840,  -0.16800,
,,,00.000000003860,  -0.16800,
,,,00.000000003880,  -0.16800,
,,,00.000000003900,  -0.16800,
,,,00.000000003920,  -0.16800,
,,,00.000000003940,  -0.17600,
,,,00.000000003960,  -0.17600,
,,,00.000000003980,  -0.17600,
,,,00.000000004000,  -0.17600,
,,,00.000000004020,  -0.17600,
,,,00.000000004040,  -0.17600,
,,,00.000000004060,  -0.17600,
,,,00.000000004080,  -0.17600,
,,,00.000000004100,  -0.18400,
,,,00.000000004120,  -0.18400,
,,,00.000000004140,  -0.18400,
,,,00.000000004160,  -0.18400,
,,,00.000000004180,  -0.18400,
,,,00.000000004200,  -0.18400,
,,,00.000000004220,  -0.18400,
,,,00.000000004240,  -0.18400,
,,,00.000000004260,  -0.18400,
,,,00.000000004280,  -0.18400,
,,,00.000000004300,  -0.18400,
,,,00.000000004320,  -0.18400,
,,,00.000000004340,  -0.18400,
,,,00.000000004360,  -0.18400,
,,,00.000000004380,  -0.18400,
,,,00.000000004400,  -0.18400,
,,,00.000000004420,  -0.18400,
,,,00.000000004440,  -0.18400,
,,,00.000000004460,  -0.18400,
,,,00.000000004480,  -0.18400,
,,,00.000000004500,  -0.18400,
,,,00.000000004520,  -0.17600,
,,,00.000000004540,  -0.17600,
,,,00.000000004560,  -0.17600,
,,,00.000000004580,  -0.17600,
,,,00.000000004600,  -0.17600,
,,,00.000000004620,  -0.17600,
,,,00.000000004640,  -0.17600,
,,,00.000000004660,  -0.17600,
,,,00.000000004680,  -0.16800,
,,,00.000000004700,  -0.16800,
,,,00.000000004720,  -0.16800,
,,,00.000000004740,  -0.16800,
,,,00.000000004760,  -0.16800,
,,,00.000000004780,  -0.16800,
,,,00.000000004800,  -0.16000,
,,,00.000000004820,  -0.16000,
,,,00.000000004840,  -0.16000,
,,,00.000000004860,  -0.16000,
,,,00.000000004880,  -0.16000,
,,,00.000000004900,  -0.15200,
,,,00.000000004920,  -0.15200,
,,,00.000000004940,  -0.15200,
,,,00.000000004960,  -0.15200,
,,,00.000000004980,  -0.14400,
,,,00.000000005000,  -0.14400,
,,,00.000000005020,  -0.14400,
,,,00.000000005040,  -0.14400,
,,,00.000000005060,  -0.13600,
,,,00.000000005080,  -0.13600,
,,,00.000000005100,  -0.13600,
,,,00.000000005120,  -0.12800,
,,,00.000000005140,  -0.12800,
,,,00.000000005160,  -0.12800,
,,,00.000000005180,  -0.12000,
,,,00.000000005200,  -0.12000,
,,,00.000000005220,  -0.12000,
,,,00.000000005240,  -0.11200,
,,,00.000000005260,  -0.11200,
,,,00.000000005280,  -0.10400,
,,,00.000000005300,  -0.10400,
,,,00.000000005320,  -0.10400,
,,,00.000000005340,  -0.09600,
,,,00.000000005360,  -0.09600,
,,,00.000000005380,  -0.09600,
,,,00.000000005400,  -0.08800,
,,,00.000000005420,  -0.08800,
,,,00.000000005440,  -0.08000,
,,,00.000000005460,  -0.08000,
,,,00.000000005480,  -0.07200,
,,,00.000000005500,  -0.07200,
,,,00.000000005520,  -0.07200,
,,,00.000000005540,  -0.06400,
,,,00.000000005560,  -0.06400,
,,,00.000000005580,  -0.05600,
,,,00.000000005600,  -0.05600,
,,,00.000000005620,  -0.04800,
,,,00.000000005640,  -0.04800,
,,,00.000000005660,  -0.04000,
,,,00.000000005680,  -0.04000,
,,,00.000000005700,  -0.04000,
,,,00.000000005720,  -0.03200,
,,,00.000000005740,  -0.03200,
,,,00.000000005760,  -0.02400,
,,,00.000000005780,  -0.02400,
,,,00.000000005800,  -0.01600,
,,,00.000000005820,  -0.01600,
,,,00.000000005840,  -0.00800,
,,,00.000000005860,  -0.00800,
,,,00.000000005880,   0.00000,
,,,00.000000005900,   0.00000,
,,,00.000000005920,   0.00800,
,,,00.000000005940,   0.00800,
,,,00.000000005960,   0.00800,
,,,00.000000005980,   0.01600,
,,,00.000000006000,   0.01600,
,,,00.000000006020,   0.02400,
,,,00.000000006040,   0.02400,
,,,00.000000006060,   0.03200,
,,,00.000000006080,   0.03200,
,,,00.000000006100,   0.03200,
,,,00.000000006120,   0.04000,
,,,00.000000006140,   0.04000,
,,,00.000000006160,   0.04800,
,,,00.000000006180,   0.04800,
,,,00.000000006200,   0.04800,
,,,00.000000006220,   0.05600,
,,,00.000000006240,   0.05600,
,,,00.000000006260,   0.06400,
,,,00.000000006280,   0.06400,
,,,00.000000006300,   0.06400,
,,,00.000000006320,   0.07200,
,,,00.000000006340,   0.07200,
,,,00.000000006360,   0.07200,
,,,00.000000006380,   0.08000,
,,,00.000000006400,   0.08000,
,,,00.000000006420,   0.08800,
,,,00.000000006440,   0.08800,
,,,00.000000006460,   0.08800,
,,,00.000000006480,   0.09600,
,,,00.000000006500,   0.09600,
,,,00.000000006520,   0.09600,
,,,00.000000006540,   0.10400,
,,,00.000000006560,   0.10400,
,,,00.000000006580,   0.10400,
,,,00.000000006600,   0.11200,
,,,00.000000006620,   0.11200,
,,,00.000000006640,   0.11200,
,,,00.000000006660,   0.12000,
,,,00.000000006680,   0.12000,
,,,00.000000006700,   0.12000,
,,,00.000000006720,   0.12000,
,,,00.000000006740,   0.12800,
,,,00.000000006760,   0.12800,
,,,00.000000006780,   0.12800,
,,,00.000000006800,   0.13600,
,,,00.000000006820,   0.13600,
,,,00.000000006840,   0.13600,
,,,00.000000006860,   0.13600,
,,,00.000000006880,   0.14400,
,,,00.000000006900,   0.14400,
,,,00.000000006920,   0.14400,
,,,00.000000006940,   0.14400,
,,,00.000000006960,   0.15200,
,,,00.000000006980,   0.15200,
,,,00.000000007000,   0.15200,
,,,00.000000007020,   0.15200,
,,,00.000000007040,   0.15200,
,,,00.000000007060,   0.16000,
,,,00.000000007080,   0.16000,
,,,00.000000007100,   0.16000,
,,,00.000000007120,   0.16000,
,,,00.000000007140,   0.16000,
,,,00.000000007160,   0.16800,
,,,00.000000007180,   0.16800,
,,,00.000000007200,   0.16800,
,,,00.000000007220,   0.16800,
,,,00.000000007240,   0.16800,
,,,00.000000007260,   0.16800,
,,,00.000000007280,   0.16800,
,,,00.000000007300,   0.16800,
,,,00.000000007320,   0.17600,
,,,00.000000007340,   0.17600,
,,,00.000000007360,   0.17600,
,,,00.000000007380,   0.17600,
,,,00.000000007400,   0.17600,
,,,00.000000007420,   0.17600,
,,,00.000000007440,   0.17600,
,,,00.000000007460,   0.17600,
,,,00.000000007480,   0.17600,
,,,00.000000007500,   0.17600,
,,,00.000000007520,   0.17600,
,,,00.000000007540,   0.17600,
,,,00.000000007560,   0.17600,
,,,00.000000007580,   0.17600,
,,,00.000000007600,   0.17600,
,,,00.000000007620,   0.17600,
,,,00.000000007640,   0.17600,
,,,00.000000007660,   0.17600,
,,,00.000000007680,   0.17600,
,,,00.000000007700,   0.17600,
,,,00.000000007720,   0.17600,
,,,00.000000007740,   0.17600,
,,,00.000000007760,   0.17600,
,,,00.000000007780,   0.17600,
,,,00.000000007800,   0.17600,
,,,00.000000007820,   0.17600,
,,,00.000000007840,   0.17600,
,,,00.000000007860,   0.17600,
,,,00.000000007880,   0.17600,
,,,00.000000007900,   0.17600,
,,,00.000000007920,   0.17600,
,,,00.000000007940,   0.16800,
,,,00.000000007960,   0.16800,
,,,00.000000007980,   0.16800,
,,,00.000000008000,   0.16800,
,,,00.000000008020,   0.16800,
,,,00.000000008040,   0.16800,
,,,00.000000008060,   0.16800,
,,,00.000000008080,   0.16000,
,,,00.000000008100,   0.16000,
,,,00.000000008120,   0.16000,
,,,00.000000008140,   0.16000,
,,,00.000000008160,   0.16000,
,,,00.000000008180,   0.16000,
,,,00.000000008200,   0.15200,
,,,00.000000008220,   0.15200,
,,,00.000000008240,   0.15200,
,,,00.000000008260,   0.15200,
,,,00.000000008280,   0.14400,
,,,00.000000008300,   0.14400,
,,,00.000000008320,   0.14400,
,,,00.000000008340,   0.14400,
,,,00.000000008360,   0.14400,
,,,00.000000008380,   0.13600,
,,,00.000000008400,   0.13600,
,,,00.000000008420,   0.13600,
,,,00.000000008440,   0.12800,
,,,00.000000008460,   0.12800,
,,,00.000000008480,   0.12800,
,,,00.000000008500,   0.12800,
,,,00.000000008520,   0.12000,
,,,00.000000008540,   0.12000,
,,,00.000000008560,   0.12000,
,,,00.000000008580,   0.11200,
,,,00.000000008600,   0.11200,
,,,00.000000008620,   0.11200,
,,,00.000000008640,   0.10400,
,,,00.000000008660,   0.10400,
,,,00.000000008680,   0.10400,
,,,00.000000008700,   0.09600,
,,,00.000000008720,   0.09600,
,,,00.000000008740,   0.09600,
,,,00.000000008760,   0.08800,
,,,00.000000008780,   0.08800,
,,,00.000000008800,   0.08800,
,,,00.000000008820,   0.08000,
,,,00.000000008840,   0.08000,
,,,00.000000008860,   0.08000,
,,,00.000000008880,   0.07200,
,,,00.000000008900,   0.07200,
,,,00.000000008920,   0.06400,
,,,00.000000008940,   0.06400,
,,,00.000000008960,   0.06400,
,,,00.000000008980,   0.05600,
,,,00.000000009000,   0.05600,
,,,00.000000009020,   0.04800,
,,,00.000000009040,   0.04800,
,,,00.000000009060,   0.04800,
,,,00.000000009080,   0.04000,
,,,00.000000009100,   0.04000,
,,,00.000000009120,   0.03200,
,,,00.000000009140,   0.03200,
,,,00.000000009160,   0.02400,
,,,00.000000009180,   0.02400,
,,,00.000000009200,   0.02400,
,,,00.000000009220,   0.01600,
,,,00.000000009240,   0.01600,
,,,00.000000009260,   0.00800,
,,,00.000000009280,   0.00800,
,,,00.000000009300,   0.00000,
,,,00.000000009320,   0.00000,
,,,00.000000009340,  -0.00800,
,,,00.000000009360,  -0.00800,
,,,00.000000009380,  -0.00800,
,,,00.000000009400,  -0.01600,
,,,00.000000009420,  -0.01600,
,,,00.000000009440,  -0.02400,
,,,00.000000009460,  -0.02400,
,,,00.000000009480,  -0.03200,
,,,00.000000009500,  -0.03200,
,,,00.000000009520,  -0.04000,
,,,00.000000009540,  -0.04000,
,,,00.000000009560,  -0.04800,
,,,00.000000009580,  -0.04800,
,,,00.000000009600,  -0.04800,
,,,00.000000009620,  -0.05600,
,,,00.000000009640,  -0.05600,
,,,00.000000009660,  -0.06400,
,,,00.000000009680,  -0.06400,
,,,00.000000009700,  -0.06400,
,,,00.000000009720,  -0.07200,
,,,00.000000009740,  -0.07200,
,,,00.000000009760,  -0.08000,
,,,00.000000009780,  -0.08000,
,,,00.000000009800,  -0.08800,
,,,00.000000009820,  -0.08800,
,,,00.000000009840,  -0.08800,
,,,00.000000009860,  -0.09600,
,,,00.000000009880,  -0.09600,
,,,00.000000009900,  -0.10400,
,,,00.000000009920,  -0.10400,
,,,00.000000009940,  -0.10400,
,,,00.000000009960,  -0.11200,
,,,00.000000009980,  -0.11200,
,,,00.000000010000,  -0.11200,
,,,00.000000010020,  -0.12000,
,,,00.000000010040,  -0.12000,
,,,00.000000010060,  -0.12000,
,,,00.000000010080,  -0.12800,
,,,00.000000010100,  -0.12800,
,,,00.000000010120,  -0.12800,
,,,00.000000010140,  -0.12800,
,,,00.000000010160,  -0.13600,
,,,00.000000010180,  -0.13600,
,,,00.000000010200,  -0.13600,
,,,00.000000010220,  -0.14400,
,,,00.000000010240,  -0.14400,
,,,00.000000010260,  -0.14400,
,,,00.000000010280,  -0.14400,
,,,00.000000010300,  -0.14400,
,,,00.000000010320,  -0.15200,
,,,00.000000010340,  -0.15200,
,,,00.000000010360,  -0.15200,
,,,00.000000010380,  -0.15200,
,,,00.000000010400,  -0.15200,
,,,00.000000010420,  -0.16000,
,,,00.000000010440,  -0.16000,
,,,00.000000010460,  -0.16000,
,,,00.000000010480,  -0.16000,
,,,00.000000010500,  -0.16000,
,,,00.000000010520,  -0.16000,
,,,00.000000010540,  -0.16000,
,,,00.000000010560,  -0.16800,
,,,00.000000010580,  -0.16800,
,,,00.000000010600,  -0.16800,
,,,00.000000010620,  -0.16800,
,,,00.000000010640,  -0.16800,
,,,00.000000010660,  -0.16800,
,,,00.000000010680,  -0.16800,
,,,00.000000010700,  -0.16800,
,,,00.000000010720,  -0.16800,
,,,00.000000010740,  -0.16800,
,,,00.000000010760,  -0.16800,
,,,00.000000010780,  -0.16800,
,,,00.000000010800,  -0.17600,
,,,00.000000010820,  -0.17600,
,,,00.000000010840,  -0.17600,
,,,00.000000010860,  -0.17600,
,,,00.000000010880,  -0.17600,
,,,00.000000010900,  -0.17600,
,,,00.000000010920,  -0.17600,
,,,00.000000010940,  -0.17600,
,,,00.000000010960,  -0.17600,
,,,00.000000010980,  -0.17600,
,,,00.000000011000,  -0.17600,
,,,00.000000011020,  -0.16800,
,,,00.000000011040,  -0.16800,
,,,00.000000011060,  -0.16800,
,,,00.000000011080,  -0.16800,
,,,00.000000011100,  -0.16800,
,,,00.000000011120,  -0.16800,
,,,00.000000011140,  -0.16800,
,,,00.000000011160,  -0.16800,
,,,00.000000011180,  -0.16800,
,,,00.000000011200,  -0.16800,
,,,00.000000011220,  -0.16800,
,,,00.000000011240,  -0.16000,
,,,00.000000011260,  -0.16000,
,,,00.000000011280,  -0.16000,
,,,00.000000011300,  -0.16000,
,,,00.000000011320,  -0.16000,
,,,00.000000011340,  -0.16000,
,,,00.000000011360,  -0.16000,
,,,00.000000011380,  -0.15200,
,,,00.000000011400,  -0.15200,
,,,00.000000011420,  -0.15200,
,,,00.000000011440,  -0.15200,
,,,00.000000011460,  -0.15200,
,,,00.000000011480,  -0.14400,
,,,00.000000011500,  -0.14400,
,,,00.000000011520,  -0.14400,
,,,00.000000011540,  -0.14400,
,,,00.000000011560,  -0.14400,
,,,00.000000011580,  -0.13600,
,,,00.000000011600,  -0.13600,
,,,00.000000011620,  -0.13600,
,,,00.000000011640,  -0.13600,
,,,00.000000011660,  -0.12800,
,,,00.000000011680,  -0.12800,
,,,00.000000011700,  -0.12800,
,,,00.000000011720,  -0.12800,
,,,00.000000011740,  -0.12000,
,,,00.000000011760,  -0.12000,
,,,00.000000011780,  -0.12000,
,,,00.000000011800,  -0.11200,
,,,00.000000011820,  -0.11200,
,,,00.000000011840,  -0.11200,
,,,00.000000011860,  -0.11200,
,,,00.000000011880,  -0.10400,
,,,00.000000011900,  -0.10400,
,,,00.000000011920,  -0.10400,
,,,00.000000011940,  -0.09600,
,,,00.000000011960,  -0.09600,
,,,00.000000011980,  -0.09600,
,,,00.000000012000,  -0.08800,
,,,00.000000012020,  -0.08800,
,,,00.000000012040,  -0.08800,
,,,00.000000012060,  -0.08000,
,,,00.000000012080,  -0.08000,
,,,00.000000012100,  -0.08000,
,,,00.000000012120,  -0.07200,
,,,00.000000012140,  -0.07200,
,,,00.000000012160,  -0.07200,
,,,00.000000012180,  -0.06400,
,,,00.000000012200,  -0.06400,
,,,00.000000012220,  -0.06400,
,,,00.000000012240,  -0.05600,
,,,00.000000012260,  -0.05600,
,,,00.000000012280,  -0.04800,
,,,00.000000012300,  -0.04800,
,,,00.000000012320,  -0.04800,
,,,00.000000012340,  -0.04000,
,,,00.000000012360,  -0.04000,
,,,00.000000012380,  -0.04000,
,,,00.000000012400,  -0.03200,
,,,00.000000012420,  -0.03200,
,,,00.000000012440,  -0.02400,
,,,00.000000012460,  -0.02400,
,,,00.000000012480,  -0.02400,
,,,00.000000012500,  -0.01600,
,,,00.000000012520,  -0.01600,
,,,00.000000012540,  -0.00800,
,,,00.000000012560,  -0.00800,
,,,00.000000012580,  -0.00800,
,,,00.000000012600,   0.00000,
,,,00.000000012620,   0.00000,
,,,00.000000012640,   0.00800,
,,,00.000000012660,   0.00800,
,,,00.000000012680,   0.00800,
,,,00.000000012700,   0.01600,
,,,00.000000012720,   0.01600,
,,,00.000000012740,   0.02400,
,,,00.000000012760,   0.02400,
,,,00.000000012780,   0.02400,
,,,00.000000012800,   0.03200,
,,,00.000000012820,   0.03200,
,,,00.000000012840,   0.03200,
,,,00.000000012860,   0.04000,
,,,00.000000012880,   0.04000,
,,,00.000000012900,   0.04800,
,,,00.000000012920,   0.04800,
,,,00.000000012940,   0.04800,
,,,00.000000012960,   0.05600,
,,,00.000000012980,   0.05600,
,,,00.000000013000,   0.05600,
,,,00.000000013020,   0.06400,
,,,00.000000013040,   0.06400,
,,,00.000000013060,   0.07200,
,,,00.000000013080,   0.07200,
,,,00.000000013100,   0.07200,
,,,00.000000013120,   0.08000,
,,,00.000000013140,   0.08000,
,,,00.000000013160,   0.08000,
,,,00.000000013180,   0.08800,
,,,00.000000013200,   0.08800,
,,,00.000000013220,   0.09600,
,,,00.000000013240,   0.09600,
,,,00.000000013260,   0.09600,
,,,00.000000013280,   0.10400,
,,,00.000000013300,   0.10400,
,,,00.000000013320,   0.10400,
,,,00.000000013340,   0.11200,
,,,00.000000013360,   0.11200,
,,,00.000000013380,   0.11200,
,,,00.000000013400,   0.12000,
,,,00.000000013420,   0.12000,
,,,00.000000013440,   0.12000,
,,,00.000000013460,   0.12000,
,,,00.000000013480,   0.12800,
,,,00.000000013500,   0.12800,
,,,00.000000013520,   0.12800,
,,,00.000000013540,   0.13600,
,,,00.000000013560,   0.13600,
,,,00.000000013580,   0.13600,
,,,00.000000013600,   0.13600,
,,,00.000000013620,   0.14400,
,,,00.000000013640,   0.14400,
,,,00.000000013660,   0.14400,
,,,00.000000013680,   0.14400,
,,,00.000000013700,   0.15200,
,,,00.000000013720,   0.15200,
,,,00.000000013740,   0.15200,
,,,00.000000013760,   0.15200,
,,,00.000000013780,   0.15200,
,,,00.000000013800,   0.16000,
,,,00.000000013820,   0.16000,
,,,00.000000013840,   0.16000,
,,,00.000000013860,   0.16000,
,,,00.000000013880,   0.16000,
,,,00.000000013900,   0.16800,
,,,00.000000013920,   0.16800,
,,,00.000000013940,   0.16800,
,,,00.000000013960,   0.16800,
,,,00.000000013980,   0.16800,
,,,00.000000014000,   0.16800,
,,,00.000000014020,   0.16800,
,,,00.000000014040,   0.17600,
,,,00.000000014060,   0.17600,
,,,00.000000014080,   0.17600,
,,,00.000000014100,   0.17600,
,,,00.000000014120,   0.17600,
,,,00.000000014140,   0.17600,
,,,00.000000014160,   0.17600,
,,,00.000000014180,   0.17600,
,,,00.000000014200,   0.17600,
,,,00.000000014220,   0.17600,
,,,00.000000014240,   0.17600,
,,,00.000000014260,   0.17600,
,,,00.000000014280,   0.17600,
,,,00.000000014300,   0.17600,
,,,00.000000014320,   0.17600,
,,,00.000000014340,   0.17600,
,,,00.000000014360,   0.17600,
,,,00.000000014380,   0.17600,
,,,00.000000014400,   0.17600,
,,,00.000000014420,   0.16800,
,,,00.000000014440,   0.16800,
,,,00.000000014460,   0.16800,
,,,00.000000014480,   0.16800,
,,,00.000000014500,   0.16800,
,,,00.000000014520,   0.16800,
,,,00.000000014540,   0.16800,
,,,00.000000014560,   0.16800,
,,,00.000000014580,   0.16800,
,,,00.000000014600,   0.16000,
,,,00.000000014620,   0.16000,
,,,00.000000014640,   0.16000,
,,,00.000000014660,   0.16000,
,,,00.000000014680,   0.16000,
,,,00.000000014700,   0.16000,
,,,00.000000014720,   0.16000,
,,,00.000000014740,   0.15200,
,,,00.000000014760,   0.15200,
,,,00.000000014780,   0.15200,
,,,00.000000014800,   0.15200,
,,,00.000000014820,   0.15200,
,,,00.000000014840,   0.14400,
,,,00.000000014860,   0.14400,
,,,00.000000014880,   0.14400,
,,,00.000000014900,   0.14400,
,,,00.000000014920,   0.13600,
,,,00.000000014940,   0.13600,
,,,00.000000014960,   0.13600,
,,,00.000000014980,   0.13600,
,,,00.000000015000,   0.12800,
,,,00.000000015020,   0.12800,
,,,00.000000015040,   0.12800,
,,,00.000000015060,   0.12800,
,,,00.000000015080,   0.12000,
,,,00.000000015100,   0.12000,
,,,00.000000015120,   0.12000,
,,,00.000000015140,   0.11200,
,,,00.000000015160,   0.11200,
,,,00.000000015180,   0.11200,
,,,00.000000015200,   0.11200,
,,,00.000000015220,   0.10400,
,,,00.000000015240,   0.10400,
,,,00.000000015260,   0.10400,
,,,00.000000015280,   0.09600,
,,,00.000000015300,   0.09600,
,,,00.000000015320,   0.09600,
,,,00.000000015340,   0.08800,
,,,00.000000015360,   0.08800,
,,,00.000000015380,   0.08800,
,,,00.000000015400,   0.08000,
,,,00.000000015420,   0.08000,
,,,00.000000015440,   0.08000,
,,,00.000000015460,   0.07200,
,,,00.000000015480,   0.07200,
,,,00.000000015500,   0.07200,
,,,00.000000015520,   0.06400,
,,,00.000000015540,   0.06400,
,,,00.000000015560,   0.05600,
,,,00.000000015580,   0.05600,
,,,00.000000015600,   0.05600,
,,,00.000000015620,   0.04800,
,,,00.000000015640,   0.04800,
,,,00.000000015660,   0.04000,
,,,00.000000015680,   0.04000,
,,,00.000000015700,   0.04000,
,,,00.000000015720,   0.03200,
,,,00.000000015740,   0.03200,
,,,00.000000015760,   0.03200,
,,,00.000000015780,   0.02400,
,,,00.000000015800,   0.02400,
,,,00.000000015820,   0.01600,
,,,00.000000015840,   0.01600,
,,,00.000000015860,   0.01600,
,,,00.000000015880,   0.00800,
,,,00.000000015900,   0.00800,
,,,00.000000015920,   0.00000,
,,,00.000000015940,   0.00000,
,,,00.000000015960,   0.00000,
,,,00.000000015980,  -0.00800,
,,,00.000000016000,  -0.00800,
,,,00.000000016020,  -0.01600,
,,,00.000000016040,  -0.01600,
,,,00.000000016060,  -0.01600,
,,,00.000000016080,  -0.02400,
,,,00.000000016100,  -0.02400,
,,,00.000000016120,  -0.03200,
,,,00.000000016140,  -0.03200,
,,,00.000000016160,  -0.03200,
,,,00.000000016180,  -0.04000,
,,,00.000000016200,  -0.04000,
,,,00.000000016220,  -0.04800,
,,,00.000000016240,  -0.04800,
,,,00.000000016260,  -0.04800,
,,,00.000000016280,  -0.05600,
,,,00.000000016300,  -0.05600,
,,,00.000000016320,  -0.06400,
,,,00.000000016340,  -0.06400,
,,,00.000000016360,  -0.06400,
,,,00.000000016380,  -0.07200,
,,,00.000000016400,  -0.07200,
,,,00.000000016420,  -0.08000,
,,,00.000000016440,  -0.08000,
,,,00.000000016460,  -0.08000,
,,,00.000000016480,  -0.08800,
,,,00.000000016500,  -0.08800,
,,,00.000000016520,  -0.08800,
,,,00.000000016540,  -0.09600,
,,,00.000000016560,  -0.09600,
,,,00.000000016580,  -0.09600,
,,,00.000000016600,  -0.10400,
,,,00.000000016620,  -0.10400,
,,,00.000000016640,  -0.10400,
,,,00.000000016660,  -0.11200,
,,,00.000000016680,  -0.11200,
,,,00.000000016700,  -0.11200,
,,,00.000000016720,  -0.12000,
,,,00.000000016740,  -0.12000,
,,,00.000000016760,  -0.12000,
,,,00.000000016780,  -0.12800,
,,,00.000000016800,  -0.12800,
,,,00.000000016820,  -0.12800,
,,,00.000000016840,  -0.13600,
,,,00.000000016860,  -0.13600,
,,,00.000000016880,  -0.13600,
,,,00.000000016900,  -0.13600,
,,,00.000000016920,  -0.14400,
,,,00.000000016940,  -0.14400,
,,,00.000000016960,  -0.14400,
,,,00.000000016980,  -0.14400,
,,,00.000000017000,  -0.15200,
,,,00.000000017020,  -0.15200,
,,,00.000000017040,  -0.15200,
,,,00.000000017060,  -0.15200,
,,,00.000000017080,  -0.16000,
,,,00.000000017100,  -0.16000,
,,,00.000000017120,  -0.16000,
,,,00.000000017140,  -0.16000,
,,,00.000000017160,  -0.16000,
,,,00.000000017180,  -0.16000,
,,,00.000000017200,  -0.16800,
,,,00.000000017220,  -0.16800,
,,,00.000000017240,  -0.16800,
,,,00.000000017260,  -0.16800,
,,,00.000000017280,  -0.16800,
,,,00.000000017300,  -0.16800,
,,,00.000000017320,  -0.16800,
,,,00.000000017340,  -0.16800,
,,,00.000000017360,  -0.17600,
,,,00.000000017380,  -0.17600,
,,,00.000000017400,  -0.17600,
,,,00.000000017420,  -0.17600,
,,,00.000000017440,  -0.17600,
,,,00.000000017460,  -0.17600,
,,,00.000000017480,  -0.17600,
,,,00.000000017500,  -0.17600,
,,,00.000000017520,  -0.17600,
,,,00.000000017540,  -0.17600,
,,,00.000000017560,  -0.17600,
,,,00.000000017580,  -0.17600,
,,,00.000000017600,  -0.17600,
,,,00.000000017620,  -0.17600,
,,,00.000000017640,  -0.17600,
,,,00.000000017660,  -0.17600,
,,,00.000000017680,  -0.17600,
,,,00.000000017700,  -0.17600,
,,,00.000000017720,  -0.17600,
,,,00.000000017740,  -0.17600,
,,,00.000000017760,  -0.17600,
,,,00.000000017780,  -0.17600,
,,,00.000000017800,  -0.17600,
,,,00.000000017820,  -0.17600,
,,,00.000000017840,  -0.17600,
,,,00.000000017860,  -0.17600,
,,,00.000000017880,  -0.17600,
,,,00.000000017900,  -0.16800,
,,,00.000000017920,  -0.16800,
,,,00.000000017940,  -0.16800,
,,,00.000000017960,  -0.16800,
,,,00.000000017980,  -0.16800,
,,,00.000000018000,  -0.16800,
,,,00.000000018020,  -0.16800,
,,,00.000000018040,  -0.16800,
,,,00.000000018060,  -0.16000,
,,,00.000000018080,  -0.16000,
,,,00.000000018100,  -0.16000,
,,,00.000000018120,  -0.16000,
,,,00.000000018140,  -0.16000,
,,,00.000000018160,  -0.15200,
,,,00.000000018180,  -0.15200,
,,,00.000000018200,  -0.15200,
,,,00.000000018220,  -0.15200,
,,,00.000000018240,  -0.15200,
,,,00.000000018260,  -0.14400,
,,,00.000000018280,  -0.14400,
,,,00.000000018300,  -0.14400,
,,,00.000000018320,  -0.14400,
,,,00.000000018340,  -0.13600,
,,,00.000000018360,  -0.13600,
,,,00.000000018380,  -0.13600,
,,,00.000000018400,  -0.13600,
,,,00.000000018420,  -0.12800,
,,,00.000000018440,  -0.12800,
,,,00.000000018460,  -0.12800,
,,,00.000000018480,  -0.12000,
,,,00.000000018500,  -0.12000,
,,,00.000000018520,  -0.12000,
,,,00.000000018540,  -0.12000,
,,,00.000000018560,  -0.11200,
,,,00.000000018580,  -0.11200,
,,,00.000000018600,  -0.11200,
,,,00.000000018620,  -0.10400,
,,,00.000000018640,  -0.10400,
,,,00.000000018660,  -0.10400,
,,,00.000000018680,  -0.09600,
,,,00.000000018700,  -0.09600,
,,,00.000000018720,  -0.09600,
,,,00.000000018740,  -0.08800,
,,,00.000000018760,  -0.08800,
,,,00.000000018780,  -0.08800,
,,,00.000000018800,  -0.08000,
,,,00.000000018820,  -0.08000,
,,,00.000000018840,  -0.08000,
,,,00.000000018860,  -0.07200,
,,,00.000000018880,  -0.07200,
,,,00.000000018900,  -0.06400,
,,,00.000000018920,  -0.06400,
,,,00.000000018940,  -0.06400,
,,,00.000000018960,  -0.05600,
,,,00.000000018980,  -0.05600,
,,,00.000000019000,  -0.05600,
,,,00.000000019020,  -0.04800,
,,,00.000000019040,  -0.04800,
,,,00.000000019060,  -0.04000,
,,,00.000000019080,  -0.04000,
,,,00.000000019100,  -0.04000,
,,,00.000000019120,  -0.03200,
,,,00.000000019140,  -0.03200,
,,,00.000000019160,  -0.02400,
,,,00.000000019180,  -0.02400,
,,,00.000000019200,  -0.01600,
,,,00.000000019220,  -0.01600,
,,,00.000000019240,  -0.01600,
,,,00.000000019260,  -0.00800,
,,,00.000000019280,  -0.00800,
,,,00.000000019300,   0.00000,
,,,00.000000019320,   0.00000,
,,,00.000000019340,   0.00800,
,,,00.000000019360,   0.00800,
,,,00.000000019380,   0.00800,
,,,00.000000019400,   0.01600,
,,,00.000000019420,   0.01600,
,,,00.000000019440,   0.02400,
,,,00.000000019460,   0.02400,
,,,00.000000019480,   0.03200,
,,,00.000000019500,   0.03200,
,,,00.000000019520,   0.03200,
,,,00.000000019540,   0.04000,
,,,00.000000019560,   0.04000,
,,,00.000000019580,   0.04800,
,,,00.000000019600,   0.04800,
,,,00.000000019620,   0.04800,
,,,00.000000019640,   0.05600,
,,,00.000000019660,   0.05600,
,,,00.000000019680,   0.06400,
,,,00.000000019700,   0.06400,
,,,00.000000019720,   0.06400,
,,,00.000000019740,   0.07200,
,,,00.000000019760,   0.07200,
,,,00.000000019780,   0.08000,
,,,00.000000019800,   0.08000,
,,,00.000000019820,   0.08000,
,,,00.000000019840,   0.08800,
,,,00.000000019860,   0.08800,
,,,00.000000019880,   0.08800,
,,,00.000000019900,   0.09600,
,,,00.000000019920,   0.09600,
,,,00.000000019940,   0.10400,
,,,00.000000019960,   0.10400,
,,,00.000000019980,   0.10400,
,,,00.000000020000,   0.11200,
,,,00.000000020020,   0.11200,
,,,00.000000020040,   0.11200,
,,,00.000000020060,   0.12000,
,,,00.000000020080,   0.12000,
,,,00.000000020100,   0.12000,
,,,00.000000020120,   0.12800,
,,,00.000000020140,   0.12800,
,,,00.000000020160,   0.12800,
,,,00.000000020180,   0.12800,
,,,00.000000020200,   0.13600,
,,,00.000000020220,   0.13600,
,,,00.000000020240,   0.13600,
,,,00.000000020260,   0.13600,
,,,00.000000020280,   0.14400,
,,,00.000000020300,   0.14400,
,,,00.000000020320,   0.14400,
,,,00.000000020340,   0.14400,
,,,00.000000020360,   0.14400,
,,,00.000000020380,   0.15200,
,,,00.000000020400,   0.15200,
,,,00.000000020420,   0.15200,
,,,00.000000020440,   0.15200,
,,,00.000000020460,   0.15200,
,,,00.000000020480,   0.16000,
,,,00.000000020500,   0.16000,
,,,00.000000020520,   0.16000,
,,,00.000000020540,   0.16000,
,,,00.000000020560,   0.16000,
,,,00.000000020580,   0.16000,
,,,00.000000020600,   0.16800,
,,,00.000000020620,   0.16800,
,,,00.000000020640,   0.16800,
,,,00.000000020660,   0.16800,
,,,00.000000020680,   0.16800,
,,,00.000000020700,   0.16800,
,,,00.000000020720,   0.16800,
,,,00.000000020740,   0.16800,
,,,00.000000020760,   0.16800,
,,,00.000000020780,   0.16800,
,,,00.000000020800,   0.16800,
,,,00.000000020820,   0.17600,
,,,00.000000020840,   0.17600,
,,,00.000000020860,   0.17600,
,,,00.000000020880,   0.17600,
,,,00.000000020900,   0.17600,
,,,00.000000020920,   0.17600,
,,,00.000000020940,   0.17600,
,,,00.000000020960,   0.17600,
,,,00.000000020980,   0.17600,
,,,00.000000021000,   0.17600,
,,,00.000000021020,   0.17600,
,,,00.000000021040,   0.17600,
,,,00.000000021060,   0.17600,
,,,00.000000021080,   0.17600,
,,,00.000000021100,   0.16800,
,,,00.000000021120,   0.16800,
,,,00.000000021140,   0.16800,
,,,00.000000021160,   0.16800,
,,,00.000000021180,   0.16800,
,,,00.000000021200,   0.16800,
,,,00.000000021220,   0.16800,
,,,00.000000021240,   0.16800,
,,,00.000000021260,   0.16800,
,,,00.000000021280,   0.16800,
,,,00.000000021300,   0.16800,
,,,00.000000021320,   0.16000,
,,,00.000000021340,   0.16000,
,,,00.000000021360,   0.16000,
,,,00.000000021380,   0.16000,
,,,00.000000021400,   0.16000,
,,,00.000000021420,   0.15200,
,,,00.000000021440,   0.15200,
,,,00.000000021460,   0.15200,
,,,00.000000021480,   0.15200,
,,,00.000000021500,   0.15200,
,,,00.000000021520,   0.15200,
,,,00.000000021540,   0.14400,
,,,00.000000021560,   0.14400,
,,,00.000000021580,   0.14400,
,,,00.000000021600,   0.14400,
,,,00.000000021620,   0.13600,
,,,00.000000021640,   0.13600,
,,,00.000000021660,   0.13600,
,,,00.000000021680,   0.13600,
,,,00.000000021700,   0.12800,
,,,00.000000021720,   0.12800,
,,,00.000000021740,   0.12800,
,,,00.000000021760,   0.12000,
,,,00.000000021780,   0.12000,
,,,00.000000021800,   0.12000,
,,,00.000000021820,   0.12000,
,,,00.000000021840,   0.11200,
,,,00.000000021860,   0.11200,
,,,00.000000021880,   0.11200,
,,,00.000000021900,   0.10400,
,,,00.000000021920,   0.10400,
,,,00.000000021940,   0.10400,
,,,00.000000021960,   0.09600,
,,,00.000000021980,   0.09600,
,,,00.000000022000,   0.09600,
,,,00.000000022020,   0.08800,
,,,00.000000022040,   0.08800,
,,,00.000000022060,   0.08800,
,,,00.000000022080,   0.08000,
,,,00.000000022100,   0.08000,
,,,00.000000022120,   0.07200,
,,,00.000000022140,   0.07200,
,,,00.000000022160,   0.07200,
,,,00.000000022180,   0.06400,
,,,00.000000022200,   0.06400,
,,,00.000000022220,   0.05600,
,,,00.000000022240,   0.05600,
,,,00.000000022260,   0.05600,
,,,00.000000022280,   0.04800,
,,,00.000000022300,   0.04800,
,,,00.000000022320,   0.04000,
,,,00.000000022340,   0.04000,
,,,00.000000022360,   0.04000,
,,,00.000000022380,   0.03200,
,,,00.000000022400,   0.03200,
,,,00.000000022420,   0.02400,
,,,00.000000022440,   0.02400,
,,,00.000000022460,   0.01600,
,,,00.000000022480,   0.01600,
,,,00.000000022500,   0.01600,
,,,00.000000022520,   0.00800,
,,,00.000000022540,   0.00800,
,,,00.000000022560,   0.00000,
,,,00.000000022580,   0.00000,
,,,00.000000022600,  -0.00800,
,,,00.000000022620,  -0.00800,
,,,00.000000022640,  -0.01600,
,,,00.000000022660,  -0.01600,
,,,00.000000022680,  -0.01600,
,,,00.000000022700,  -0.02400,
,,,00.000000022720,  -0.02400,
,,,00.000000022740,  -0.03200,
,,,00.000000022760,  -0.03200,
,,,00.000000022780,  -0.04000,
,,,00.000000022800,  -0.04000,
,,,00.000000022820,  -0.04800,
,,,00.000000022840,  -0.04800,
,,,00.000000022860,  -0.04800,
,,,00.000000022880,  -0.05600,
,,,00.000000022900,  -0.05600,
,,,00.000000022920,  -0.06400,
,,,00.000000022940,  -0.06400,
,,,00.000000022960,  -0.06400,
,,,00.000000022980,  -0.07200,
,,,00.000000023000,  -0.07200,
,,,00.000000023020,  -0.08000,
,,,00.000000023040,  -0.08000,
,,,00.000000023060,  -0.08000,
,,,00.000000023080,  -0.08800,
,,,00.000000023100,  -0.08800,
,,,00.000000023120,  -0.08800,
,,,00.000000023140,  -0.09600,
,,,00.000000023160,  -0.09600,
,,,00.000000023180,  -0.10400,
,,,00.000000023200,  -0.10400,
,,,00.000000023220,  -0.10400,
,,,00.000000023240,  -0.11200,
,,,00.000000023260,  -0.11200,
,,,00.000000023280,  -0.11200,
,,,00.000000023300,  -0.12000,
,,,00.000000023320,  -0.12000,
,,,00.000000023340,  -0.12000,
,,,00.000000023360,  -0.12000,
,,,00.000000023380,  -0.12800,
,,,00.000000023400,  -0.12800,
,,,00.000000023420,  -0.12800,
,,,00.000000023440,  -0.13600,
,,,00.000000023460,  -0.13600,
,,,00.000000023480,  -0.13600,
,,,00.000000023500,  -0.13600,
,,,00.000000023520,  -0.14400,
,,,00.000000023540,  -0.14400,
,,,00.000000023560,  -0.14400,
,,,00.000000023580,  -0.14400,
,,,00.000000023600,  -0.15200,
,,,00.000000023620,  -0.15200,
,,,00.000000023640,  -0.15200,
,,,00.000000023660,  -0.15200,
,,,00.000000023680,  -0.16000,
,,,00.000000023700,  -0.16000,
,,,00.000000023720,  -0.16000,
,,,00.000000023740,  -0.16000,
,,,00.000000023760,  -0.16000,
,,,00.000000023780,  -0.16800,
,,,00.000000023800,  -0.16800,
,,,00.000000023820,  -0.16800,
,,,00.000000023840,  -0.16800,
,,,00.000000023860,  -0.16800,
,,,00.000000023880,  -0.16800,
,,,00.000000023900,  -0.17600,
,,,00.000000023920,  -0.17600,
,,,00.000000023940,  -0.17600,
,,,00.000000023960,  -0.17600,
,,,00.000000023980,  -0.17600,
,,,00.000000024000,  -0.17600,
,,,00.000000024020,  -0.17600,
,,,00.000000024040,  -0.17600,
,,,00.000000024060,  -0.17600,
,,,00.000000024080,  -0.17600,
,,,00.000000024100,  -0.17600,
,,,00.000000024120,  -0.18400,
,,,00.000000024140,  -0.18400,
,,,00.000000024160,  -0.18400,
,,,00.000000024180,  -0.18400,
,,,00.000000024200,  -0.18400,
,,,00.000000024220,  -0.18400,
,,,00.000000024240,  -0.18400,
,,,00.000000024260,  -0.18400,
,,,00.000000024280,  -0.18400,
,,,00.000000024300,  -0.18400,
,,,00.000000024320,  -0.18400,
,,,00.000000024340,  -0.17600,
,,,00.000000024360,  -0.17600,
,,,00.000000024380,  -0.17600,
,,,00.000000024400,  -0.17600,
,,,00.000000024420,  -0.17600,
,,,00.000000024440,  -0.17600,
,,,00.000000024460,  -0.17600,
,,,00.000000024480,  -0.17600,
,,,00.000000024500,  -0.17600,
,,,00.000000024520,  -0.17600,
,,,00.000000024540,  -0.17600,
,,,00.000000024560,  -0.17600,
,,,00.000000024580,  -0.16800,
,,,00.000000024600,  -0.16800,
,,,00.000000024620,  -0.16800,
,,,00.000000024640,  -0.16800,
,,,00.000000024660,  -0.16800,
,,,00.000000024680,  -0.16800,
,,,00.000000024700,  -0.16800,
,,,00.000000024720,  -0.16000,
,,,00.000000024740,  -0.16000,
,,,00.000000024760,  -0.16000,
,,,00.000000024780,  -0.16000,
,,,00.000000024800,  -0.16000,
,,,00.000000024820,  -0.15200,
,,,00.000000024840,  -0.15200,
,,,00.000000024860,  -0.15200,
,,,00.000000024880,  -0.15200,
,,,00.000000024900,  -0.14400,
,,,00.000000024920,  -0.14400,
,,,00.000000024940,  -0.14400,
,,,00.000000024960,  -0.14400,
,,,00.000000024980,  -0.13600,
